list_path	model_id	reason	detail
src/brepnet/data/list/deduplicated_deepcad_training_7_30.txt	00000346	missing_condition_dir	/mnt/d/data/deepcad_v7_cond/00000346
src/brepnet/data/list/deduplicated_deepcad_training_7_30.txt	00003666	missing_condition_dir	/mnt/d/data/deepcad_v7_cond/00003666
src/brepnet/data/list/deduplicated_deepcad_training_7_30.txt	00010520	missing_condition_dir	/mnt/d/data/deepcad_v7_cond/00010520
src/brepnet/data/list/deduplicated_deepcad_training_7_30.txt	00010661	missing_condition_dir	/mnt/d/data/deepcad_v7_cond/00010661
src/brepnet/data/list/deduplicated_deepcad_training_7_30.txt	00016629	missing_condition_dir	/mnt/d/data/deepcad_v7_cond/00016629
src/brepnet/data/list/deduplicated_deepcad_training_7_30.txt	00016773	missing_condition_dir	/mnt/d/data/deepcad_v7_cond/00016773
src/brepnet/data/list/deduplicated_deepcad_training_7_30.txt	00017078	missing_condition_dir	/mnt/d/data/deepcad_v7_cond/00017078
src/brepnet/data/list/deduplicated_deepcad_training_7_30.txt	00017131	missing_condition_dir	/mnt/d/data/deepcad_v7_cond/00017131
src/brepnet/data/list/deduplicated_deepcad_training_7_30.txt	00017144	missing_condition_dir	/mnt/d/data/deepcad_v7_cond/00017144
src/brepnet/data/list/deduplicated_deepcad_training_7_30.txt	00017153	missing_condition_dir	/mnt/d/data/deepcad_v7_cond/00017153
src/brepnet/data/list/deduplicated_deepcad_training_7_30.txt	00017295	missing_condition_dir	/mnt/d/data/deepcad_v7_cond/00017295
src/brepnet/data/list/deduplicated_deepcad_training_7_30.txt	00022073	missing_condition_dir	/mnt/d/data/deepcad_v7_cond/00022073
src/brepnet/data/list/deduplicated_deepcad_training_7_30.txt	00023011	missing_condition_dir	/mnt/d/data/deepcad_v7_cond/00023011
src/brepnet/data/list/deduplicated_deepcad_training_7_30.txt	00026773	missing_condition_dir	/mnt/d/data/deepcad_v7_cond/00026773
src/brepnet/data/list/deduplicated_deepcad_training_7_30.txt	00026838	missing_condition_dir	/mnt/d/data/deepcad_v7_cond/00026838
src/brepnet/data/list/deduplicated_deepcad_training_7_30.txt	00026847	missing_condition_dir	/mnt/d/data/deepcad_v7_cond/00026847
src/brepnet/data/list/deduplicated_deepcad_training_7_30.txt	00027506	missing_condition_dir	/mnt/d/data/deepcad_v7_cond/00027506
src/brepnet/data/list/deduplicated_deepcad_training_7_30.txt	00032094	missing_condition_dir	/mnt/d/data/deepcad_v7_cond/00032094
src/brepnet/data/list/deduplicated_deepcad_training_7_30.txt	00033025	missing_condition_dir	/mnt/d/data/deepcad_v7_cond/00033025
src/brepnet/data/list/deduplicated_deepcad_training_7_30.txt	00033417	missing_condition_dir	/mnt/d/data/deepcad_v7_cond/00033417
src/brepnet/data/list/deduplicated_deepcad_training_7_30.txt	00034256	missing_condition_dir	/mnt/d/data/deepcad_v7_cond/00034256
src/brepnet/data/list/deduplicated_deepcad_training_7_30.txt	00035093	missing_condition_dir	/mnt/d/data/deepcad_v7_cond/00035093
src/brepnet/data/list/deduplicated_deepcad_training_7_30.txt	00036182	missing_condition_dir	/mnt/d/data/deepcad_v7_cond/00036182
src/brepnet/data/list/deduplicated_deepcad_training_7_30.txt	00036280	missing_condition_dir	/mnt/d/data/deepcad_v7_cond/00036280
src/brepnet/data/list/deduplicated_deepcad_training_7_30.txt	00036302	missing_condition_dir	/mnt/d/data/deepcad_v7_cond/00036302
src/brepnet/data/list/deduplicated_deepcad_training_7_30.txt	00036345	missing_condition_dir	/mnt/d/data/deepcad_v7_cond/00036345
src/brepnet/data/list/deduplicated_deepcad_training_7_30.txt	00037887	missing_condition_dir	/mnt/d/data/deepcad_v7_cond/00037887
src/brepnet/data/list/deduplicated_deepcad_training_7_30.txt	00039766	missing_condition_dir	/mnt/d/data/deepcad_v7_cond/00039766
src/brepnet/data/list/deduplicated_deepcad_training_7_30.txt	00039888	missing_condition_dir	/mnt/d/data/deepcad_v7_cond/00039888
src/brepnet/data/list/deduplicated_deepcad_training_7_30.txt	00039900	missing_condition_dir	/mnt/d/data/deepcad_v7_cond/00039900
src/brepnet/data/list/deduplicated_deepcad_training_7_30.txt	00045387	missing_condition_dir	/mnt/d/data/deepcad_v7_cond/00045387
src/brepnet/data/list/deduplicated_deepcad_training_7_30.txt	00047993	missing_condition_dir	/mnt/d/data/deepcad_v7_cond/00047993
src/brepnet/data/list/deduplicated_deepcad_training_7_30.txt	00052979	missing_condition_dir	/mnt/d/data/deepcad_v7_cond/00052979
src/brepnet/data/list/deduplicated_deepcad_training_7_30.txt	00053715	missing_condition_dir	/mnt/d/data/deepcad_v7_cond/00053715
src/brepnet/data/list/deduplicated_deepcad_training_7_30.txt	00054437	missing_condition_dir	/mnt/d/data/deepcad_v7_cond/00054437
src/brepnet/data/list/deduplicated_deepcad_training_7_30.txt	00055997	missing_condition_dir	/mnt/d/data/deepcad_v7_cond/00055997
src/brepnet/data/list/deduplicated_deepcad_training_7_30.txt	00059386	missing_condition_dir	/mnt/d/data/deepcad_v7_cond/00059386
src/brepnet/data/list/deduplicated_deepcad_training_7_30.txt	00062368	missing_condition_dir	/mnt/d/data/deepcad_v7_cond/00062368
src/brepnet/data/list/deduplicated_deepcad_training_7_30.txt	00062718	missing_condition_dir	/mnt/d/data/deepcad_v7_cond/00062718
src/brepnet/data/list/deduplicated_deepcad_training_7_30.txt	00064185	missing_condition_dir	/mnt/d/data/deepcad_v7_cond/00064185
src/brepnet/data/list/deduplicated_deepcad_training_7_30.txt	00068478	missing_condition_dir	/mnt/d/data/deepcad_v7_cond/00068478
src/brepnet/data/list/deduplicated_deepcad_training_7_30.txt	00074865	missing_condition_dir	/mnt/d/data/deepcad_v7_cond/00074865
src/brepnet/data/list/deduplicated_deepcad_training_7_30.txt	00078397	missing_condition_dir	/mnt/d/data/deepcad_v7_cond/00078397
src/brepnet/data/list/deduplicated_deepcad_training_7_30.txt	00079331	missing_condition_dir	/mnt/d/data/deepcad_v7_cond/00079331
src/brepnet/data/list/deduplicated_deepcad_training_7_30.txt	00079422	missing_condition_dir	/mnt/d/data/deepcad_v7_cond/00079422
src/brepnet/data/list/deduplicated_deepcad_training_7_30.txt	00079741	missing_condition_dir	/mnt/d/data/deepcad_v7_cond/00079741
src/brepnet/data/list/deduplicated_deepcad_training_7_30.txt	00081382	missing_condition_dir	/mnt/d/data/deepcad_v7_cond/00081382
src/brepnet/data/list/deduplicated_deepcad_training_7_30.txt	00081563	missing_condition_dir	/mnt/d/data/deepcad_v7_cond/00081563
src/brepnet/data/list/deduplicated_deepcad_training_7_30.txt	00082947	missing_condition_dir	/mnt/d/data/deepcad_v7_cond/00082947
src/brepnet/data/list/deduplicated_deepcad_training_7_30.txt	00088480	missing_condition_dir	/mnt/d/data/deepcad_v7_cond/00088480
src/brepnet/data/list/deduplicated_deepcad_training_7_30.txt	00089283	missing_condition_dir	/mnt/d/data/deepcad_v7_cond/00089283
src/brepnet/data/list/deduplicated_deepcad_training_7_30.txt	00091476	missing_condition_dir	/mnt/d/data/deepcad_v7_cond/00091476
src/brepnet/data/list/deduplicated_deepcad_training_7_30.txt	00092278	missing_condition_dir	/mnt/d/data/deepcad_v7_cond/00092278
src/brepnet/data/list/deduplicated_deepcad_training_7_30.txt	00092595	missing_condition_dir	/mnt/d/data/deepcad_v7_cond/00092595
src/brepnet/data/list/deduplicated_deepcad_training_7_30.txt	00093606	missing_condition_dir	/mnt/d/data/deepcad_v7_cond/00093606
src/brepnet/data/list/deduplicated_deepcad_training_7_30.txt	00093790	missing_condition_dir	/mnt/d/data/deepcad_v7_cond/00093790
src/brepnet/data/list/deduplicated_deepcad_training_7_30.txt	00093896	missing_condition_dir	/mnt/d/data/deepcad_v7_cond/00093896
src/brepnet/data/list/deduplicated_deepcad_training_7_30.txt	00094435	missing_condition_dir	/mnt/d/data/deepcad_v7_cond/00094435
src/brepnet/data/list/deduplicated_deepcad_training_7_30.txt	00096579	missing_condition_dir	/mnt/d/data/deepcad_v7_cond/00096579
src/brepnet/data/list/deduplicated_deepcad_training_7_30.txt	00096761	missing_condition_dir	/mnt/d/data/deepcad_v7_cond/00096761
src/brepnet/data/list/deduplicated_deepcad_training_7_30.txt	00098168	missing_condition_dir	/mnt/d/data/deepcad_v7_cond/00098168
src/brepnet/data/list/deduplicated_deepcad_training_7_30.txt	00101304	missing_condition_dir	/mnt/d/data/deepcad_v7_cond/00101304
src/brepnet/data/list/deduplicated_deepcad_training_7_30.txt	00104348	missing_condition_dir	/mnt/d/data/deepcad_v7_cond/00104348
src/brepnet/data/list/deduplicated_deepcad_training_7_30.txt	00105065	missing_condition_dir	/mnt/d/data/deepcad_v7_cond/00105065
src/brepnet/data/list/deduplicated_deepcad_training_7_30.txt	00105352	missing_condition_dir	/mnt/d/data/deepcad_v7_cond/00105352
src/brepnet/data/list/deduplicated_deepcad_training_7_30.txt	00107723	missing_condition_dir	/mnt/d/data/deepcad_v7_cond/00107723
src/brepnet/data/list/deduplicated_deepcad_training_7_30.txt	00109863	missing_condition_dir	/mnt/d/data/deepcad_v7_cond/00109863
src/brepnet/data/list/deduplicated_deepcad_training_7_30.txt	00112017	missing_condition_dir	/mnt/d/data/deepcad_v7_cond/00112017
src/brepnet/data/list/deduplicated_deepcad_training_7_30.txt	00115165	missing_condition_dir	/mnt/d/data/deepcad_v7_cond/00115165
src/brepnet/data/list/deduplicated_deepcad_training_7_30.txt	00115251	missing_condition_dir	/mnt/d/data/deepcad_v7_cond/00115251
src/brepnet/data/list/deduplicated_deepcad_training_7_30.txt	00116137	missing_condition_dir	/mnt/d/data/deepcad_v7_cond/00116137
src/brepnet/data/list/deduplicated_deepcad_training_7_30.txt	00117333	missing_condition_dir	/mnt/d/data/deepcad_v7_cond/00117333
src/brepnet/data/list/deduplicated_deepcad_training_7_30.txt	00118233	missing_condition_dir	/mnt/d/data/deepcad_v7_cond/00118233
src/brepnet/data/list/deduplicated_deepcad_training_7_30.txt	00123728	missing_condition_dir	/mnt/d/data/deepcad_v7_cond/00123728
src/brepnet/data/list/deduplicated_deepcad_training_7_30.txt	00125076	missing_condition_dir	/mnt/d/data/deepcad_v7_cond/00125076
src/brepnet/data/list/deduplicated_deepcad_training_7_30.txt	00128609	missing_condition_dir	/mnt/d/data/deepcad_v7_cond/00128609
src/brepnet/data/list/deduplicated_deepcad_training_7_30.txt	00133526	missing_condition_dir	/mnt/d/data/deepcad_v7_cond/00133526
src/brepnet/data/list/deduplicated_deepcad_training_7_30.txt	00133903	missing_condition_dir	/mnt/d/data/deepcad_v7_cond/00133903
src/brepnet/data/list/deduplicated_deepcad_training_7_30.txt	00134312	missing_condition_dir	/mnt/d/data/deepcad_v7_cond/00134312
src/brepnet/data/list/deduplicated_deepcad_training_7_30.txt	00135514	missing_condition_dir	/mnt/d/data/deepcad_v7_cond/00135514
src/brepnet/data/list/deduplicated_deepcad_training_7_30.txt	00136913	missing_condition_dir	/mnt/d/data/deepcad_v7_cond/00136913
src/brepnet/data/list/deduplicated_deepcad_training_7_30.txt	00138637	missing_condition_dir	/mnt/d/data/deepcad_v7_cond/00138637
src/brepnet/data/list/deduplicated_deepcad_training_7_30.txt	00147448	missing_condition_dir	/mnt/d/data/deepcad_v7_cond/00147448
src/brepnet/data/list/deduplicated_deepcad_training_7_30.txt	00150692	missing_condition_dir	/mnt/d/data/deepcad_v7_cond/00150692
src/brepnet/data/list/deduplicated_deepcad_training_7_30.txt	00152486	missing_condition_dir	/mnt/d/data/deepcad_v7_cond/00152486
src/brepnet/data/list/deduplicated_deepcad_training_7_30.txt	00153681	missing_condition_dir	/mnt/d/data/deepcad_v7_cond/00153681
src/brepnet/data/list/deduplicated_deepcad_training_7_30.txt	00155453	missing_condition_dir	/mnt/d/data/deepcad_v7_cond/00155453
src/brepnet/data/list/deduplicated_deepcad_training_7_30.txt	00159715	missing_condition_dir	/mnt/d/data/deepcad_v7_cond/00159715
src/brepnet/data/list/deduplicated_deepcad_training_7_30.txt	00162714	missing_condition_dir	/mnt/d/data/deepcad_v7_cond/00162714
src/brepnet/data/list/deduplicated_deepcad_training_7_30.txt	00164286	missing_condition_dir	/mnt/d/data/deepcad_v7_cond/00164286
src/brepnet/data/list/deduplicated_deepcad_training_7_30.txt	00164767	missing_condition_dir	/mnt/d/data/deepcad_v7_cond/00164767
src/brepnet/data/list/deduplicated_deepcad_training_7_30.txt	00165819	missing_condition_dir	/mnt/d/data/deepcad_v7_cond/00165819
src/brepnet/data/list/deduplicated_deepcad_training_7_30.txt	00166492	missing_condition_dir	/mnt/d/data/deepcad_v7_cond/00166492
src/brepnet/data/list/deduplicated_deepcad_training_7_30.txt	00168334	missing_condition_dir	/mnt/d/data/deepcad_v7_cond/00168334
src/brepnet/data/list/deduplicated_deepcad_training_7_30.txt	00168348	missing_condition_dir	/mnt/d/data/deepcad_v7_cond/00168348
src/brepnet/data/list/deduplicated_deepcad_training_7_30.txt	00171037	missing_condition_dir	/mnt/d/data/deepcad_v7_cond/00171037
src/brepnet/data/list/deduplicated_deepcad_training_7_30.txt	00172417	missing_condition_dir	/mnt/d/data/deepcad_v7_cond/00172417
src/brepnet/data/list/deduplicated_deepcad_training_7_30.txt	00173359	missing_condition_dir	/mnt/d/data/deepcad_v7_cond/00173359
src/brepnet/data/list/deduplicated_deepcad_training_7_30.txt	00173822	missing_condition_dir	/mnt/d/data/deepcad_v7_cond/00173822
src/brepnet/data/list/deduplicated_deepcad_training_7_30.txt	00174247	missing_condition_dir	/mnt/d/data/deepcad_v7_cond/00174247
src/brepnet/data/list/deduplicated_deepcad_training_7_30.txt	00174708	missing_condition_dir	/mnt/d/data/deepcad_v7_cond/00174708
src/brepnet/data/list/deduplicated_deepcad_training_7_30.txt	00176143	missing_condition_dir	/mnt/d/data/deepcad_v7_cond/00176143
src/brepnet/data/list/deduplicated_deepcad_training_7_30.txt	00177687	missing_condition_dir	/mnt/d/data/deepcad_v7_cond/00177687
src/brepnet/data/list/deduplicated_deepcad_training_7_30.txt	00178084	missing_condition_dir	/mnt/d/data/deepcad_v7_cond/00178084
src/brepnet/data/list/deduplicated_deepcad_training_7_30.txt	00178585	missing_condition_dir	/mnt/d/data/deepcad_v7_cond/00178585
src/brepnet/data/list/deduplicated_deepcad_training_7_30.txt	00178800	missing_condition_dir	/mnt/d/data/deepcad_v7_cond/00178800
src/brepnet/data/list/deduplicated_deepcad_training_7_30.txt	00180165	missing_condition_dir	/mnt/d/data/deepcad_v7_cond/00180165
src/brepnet/data/list/deduplicated_deepcad_training_7_30.txt	00180599	missing_condition_dir	/mnt/d/data/deepcad_v7_cond/00180599
src/brepnet/data/list/deduplicated_deepcad_training_7_30.txt	00181724	missing_condition_dir	/mnt/d/data/deepcad_v7_cond/00181724
src/brepnet/data/list/deduplicated_deepcad_training_7_30.txt	00182073	missing_condition_dir	/mnt/d/data/deepcad_v7_cond/00182073
src/brepnet/data/list/deduplicated_deepcad_training_7_30.txt	00182536	missing_condition_dir	/mnt/d/data/deepcad_v7_cond/00182536
src/brepnet/data/list/deduplicated_deepcad_training_7_30.txt	00182742	missing_condition_dir	/mnt/d/data/deepcad_v7_cond/00182742
src/brepnet/data/list/deduplicated_deepcad_training_7_30.txt	00183450	missing_condition_dir	/mnt/d/data/deepcad_v7_cond/00183450
src/brepnet/data/list/deduplicated_deepcad_training_7_30.txt	00183902	missing_condition_dir	/mnt/d/data/deepcad_v7_cond/00183902
src/brepnet/data/list/deduplicated_deepcad_training_7_30.txt	00184074	missing_condition_dir	/mnt/d/data/deepcad_v7_cond/00184074
src/brepnet/data/list/deduplicated_deepcad_training_7_30.txt	00184080	missing_condition_dir	/mnt/d/data/deepcad_v7_cond/00184080
src/brepnet/data/list/deduplicated_deepcad_training_7_30.txt	00189806	missing_condition_dir	/mnt/d/data/deepcad_v7_cond/00189806
src/brepnet/data/list/deduplicated_deepcad_training_7_30.txt	00191110	missing_condition_dir	/mnt/d/data/deepcad_v7_cond/00191110
src/brepnet/data/list/deduplicated_deepcad_training_7_30.txt	00191389	missing_condition_dir	/mnt/d/data/deepcad_v7_cond/00191389
src/brepnet/data/list/deduplicated_deepcad_training_7_30.txt	00191703	missing_condition_dir	/mnt/d/data/deepcad_v7_cond/00191703
src/brepnet/data/list/deduplicated_deepcad_training_7_30.txt	00193419	missing_condition_dir	/mnt/d/data/deepcad_v7_cond/00193419
src/brepnet/data/list/deduplicated_deepcad_training_7_30.txt	00194199	missing_condition_dir	/mnt/d/data/deepcad_v7_cond/00194199
src/brepnet/data/list/deduplicated_deepcad_training_7_30.txt	00194450	missing_condition_dir	/mnt/d/data/deepcad_v7_cond/00194450
src/brepnet/data/list/deduplicated_deepcad_training_7_30.txt	00196070	missing_condition_dir	/mnt/d/data/deepcad_v7_cond/00196070
src/brepnet/data/list/deduplicated_deepcad_training_7_30.txt	00196403	missing_condition_dir	/mnt/d/data/deepcad_v7_cond/00196403
src/brepnet/data/list/deduplicated_deepcad_training_7_30.txt	00199689	missing_condition_dir	/mnt/d/data/deepcad_v7_cond/00199689
src/brepnet/data/list/deduplicated_deepcad_training_7_30.txt	00200085	missing_condition_dir	/mnt/d/data/deepcad_v7_cond/00200085
src/brepnet/data/list/deduplicated_deepcad_training_7_30.txt	00200341	missing_condition_dir	/mnt/d/data/deepcad_v7_cond/00200341
src/brepnet/data/list/deduplicated_deepcad_training_7_30.txt	00201539	missing_condition_dir	/mnt/d/data/deepcad_v7_cond/00201539
src/brepnet/data/list/deduplicated_deepcad_training_7_30.txt	00208225	missing_condition_dir	/mnt/d/data/deepcad_v7_cond/00208225
src/brepnet/data/list/deduplicated_deepcad_training_7_30.txt	00208619	missing_condition_dir	/mnt/d/data/deepcad_v7_cond/00208619
src/brepnet/data/list/deduplicated_deepcad_training_7_30.txt	00208774	missing_condition_dir	/mnt/d/data/deepcad_v7_cond/00208774
src/brepnet/data/list/deduplicated_deepcad_training_7_30.txt	00209413	missing_condition_dir	/mnt/d/data/deepcad_v7_cond/00209413
src/brepnet/data/list/deduplicated_deepcad_training_7_30.txt	00210938	missing_condition_dir	/mnt/d/data/deepcad_v7_cond/00210938
src/brepnet/data/list/deduplicated_deepcad_training_7_30.txt	00211373	missing_condition_dir	/mnt/d/data/deepcad_v7_cond/00211373
src/brepnet/data/list/deduplicated_deepcad_training_7_30.txt	00212092	missing_condition_dir	/mnt/d/data/deepcad_v7_cond/00212092
src/brepnet/data/list/deduplicated_deepcad_training_7_30.txt	00212654	missing_condition_dir	/mnt/d/data/deepcad_v7_cond/00212654
src/brepnet/data/list/deduplicated_deepcad_training_7_30.txt	00215648	missing_condition_dir	/mnt/d/data/deepcad_v7_cond/00215648
src/brepnet/data/list/deduplicated_deepcad_training_7_30.txt	00216313	missing_condition_dir	/mnt/d/data/deepcad_v7_cond/00216313
src/brepnet/data/list/deduplicated_deepcad_training_7_30.txt	00216498	missing_condition_dir	/mnt/d/data/deepcad_v7_cond/00216498
src/brepnet/data/list/deduplicated_deepcad_training_7_30.txt	00217987	missing_condition_dir	/mnt/d/data/deepcad_v7_cond/00217987
src/brepnet/data/list/deduplicated_deepcad_training_7_30.txt	00219747	missing_condition_dir	/mnt/d/data/deepcad_v7_cond/00219747
src/brepnet/data/list/deduplicated_deepcad_training_7_30.txt	00219873	missing_condition_dir	/mnt/d/data/deepcad_v7_cond/00219873
src/brepnet/data/list/deduplicated_deepcad_training_7_30.txt	00219905	missing_condition_dir	/mnt/d/data/deepcad_v7_cond/00219905
src/brepnet/data/list/deduplicated_deepcad_training_7_30.txt	00220804	missing_condition_dir	/mnt/d/data/deepcad_v7_cond/00220804
src/brepnet/data/list/deduplicated_deepcad_training_7_30.txt	00221043	missing_condition_dir	/mnt/d/data/deepcad_v7_cond/00221043
src/brepnet/data/list/deduplicated_deepcad_training_7_30.txt	00223167	missing_condition_dir	/mnt/d/data/deepcad_v7_cond/00223167
src/brepnet/data/list/deduplicated_deepcad_training_7_30.txt	00227198	missing_condition_dir	/mnt/d/data/deepcad_v7_cond/00227198
src/brepnet/data/list/deduplicated_deepcad_training_7_30.txt	00227206	missing_condition_dir	/mnt/d/data/deepcad_v7_cond/00227206
src/brepnet/data/list/deduplicated_deepcad_training_7_30.txt	00227589	missing_condition_dir	/mnt/d/data/deepcad_v7_cond/00227589
src/brepnet/data/list/deduplicated_deepcad_training_7_30.txt	00230502	missing_condition_dir	/mnt/d/data/deepcad_v7_cond/00230502
src/brepnet/data/list/deduplicated_deepcad_training_7_30.txt	00231163	missing_condition_dir	/mnt/d/data/deepcad_v7_cond/00231163
src/brepnet/data/list/deduplicated_deepcad_training_7_30.txt	00231914	missing_condition_dir	/mnt/d/data/deepcad_v7_cond/00231914
src/brepnet/data/list/deduplicated_deepcad_training_7_30.txt	00232505	missing_condition_dir	/mnt/d/data/deepcad_v7_cond/00232505
src/brepnet/data/list/deduplicated_deepcad_training_7_30.txt	00232553	missing_condition_dir	/mnt/d/data/deepcad_v7_cond/00232553
src/brepnet/data/list/deduplicated_deepcad_training_7_30.txt	00237720	missing_condition_dir	/mnt/d/data/deepcad_v7_cond/00237720
src/brepnet/data/list/deduplicated_deepcad_training_7_30.txt	00238018	missing_condition_dir	/mnt/d/data/deepcad_v7_cond/00238018
src/brepnet/data/list/deduplicated_deepcad_training_7_30.txt	00241763	missing_condition_dir	/mnt/d/data/deepcad_v7_cond/00241763
src/brepnet/data/list/deduplicated_deepcad_training_7_30.txt	00242121	missing_condition_dir	/mnt/d/data/deepcad_v7_cond/00242121
src/brepnet/data/list/deduplicated_deepcad_training_7_30.txt	00242841	missing_condition_dir	/mnt/d/data/deepcad_v7_cond/00242841
src/brepnet/data/list/deduplicated_deepcad_training_7_30.txt	00246183	missing_condition_dir	/mnt/d/data/deepcad_v7_cond/00246183
src/brepnet/data/list/deduplicated_deepcad_training_7_30.txt	00246417	missing_condition_dir	/mnt/d/data/deepcad_v7_cond/00246417
src/brepnet/data/list/deduplicated_deepcad_training_7_30.txt	00247277	missing_condition_dir	/mnt/d/data/deepcad_v7_cond/00247277
src/brepnet/data/list/deduplicated_deepcad_training_7_30.txt	00247524	missing_condition_dir	/mnt/d/data/deepcad_v7_cond/00247524
src/brepnet/data/list/deduplicated_deepcad_training_7_30.txt	00250321	missing_condition_dir	/mnt/d/data/deepcad_v7_cond/00250321
src/brepnet/data/list/deduplicated_deepcad_training_7_30.txt	00250749	missing_condition_dir	/mnt/d/data/deepcad_v7_cond/00250749
src/brepnet/data/list/deduplicated_deepcad_training_7_30.txt	00252831	missing_condition_dir	/mnt/d/data/deepcad_v7_cond/00252831
src/brepnet/data/list/deduplicated_deepcad_training_7_30.txt	00254167	missing_condition_dir	/mnt/d/data/deepcad_v7_cond/00254167
src/brepnet/data/list/deduplicated_deepcad_training_7_30.txt	00256615	missing_condition_dir	/mnt/d/data/deepcad_v7_cond/00256615
src/brepnet/data/list/deduplicated_deepcad_training_7_30.txt	00263026	missing_condition_dir	/mnt/d/data/deepcad_v7_cond/00263026
src/brepnet/data/list/deduplicated_deepcad_training_7_30.txt	00263945	missing_condition_dir	/mnt/d/data/deepcad_v7_cond/00263945
src/brepnet/data/list/deduplicated_deepcad_training_7_30.txt	00263984	missing_condition_dir	/mnt/d/data/deepcad_v7_cond/00263984
src/brepnet/data/list/deduplicated_deepcad_training_7_30.txt	00265399	missing_condition_dir	/mnt/d/data/deepcad_v7_cond/00265399
src/brepnet/data/list/deduplicated_deepcad_training_7_30.txt	00270782	missing_condition_dir	/mnt/d/data/deepcad_v7_cond/00270782
src/brepnet/data/list/deduplicated_deepcad_training_7_30.txt	00270826	missing_condition_dir	/mnt/d/data/deepcad_v7_cond/00270826
src/brepnet/data/list/deduplicated_deepcad_training_7_30.txt	00271012	missing_condition_dir	/mnt/d/data/deepcad_v7_cond/00271012
src/brepnet/data/list/deduplicated_deepcad_training_7_30.txt	00271237	missing_condition_dir	/mnt/d/data/deepcad_v7_cond/00271237
src/brepnet/data/list/deduplicated_deepcad_training_7_30.txt	00271325	missing_condition_dir	/mnt/d/data/deepcad_v7_cond/00271325
src/brepnet/data/list/deduplicated_deepcad_training_7_30.txt	00272006	missing_condition_dir	/mnt/d/data/deepcad_v7_cond/00272006
src/brepnet/data/list/deduplicated_deepcad_training_7_30.txt	00273176	missing_condition_dir	/mnt/d/data/deepcad_v7_cond/00273176
src/brepnet/data/list/deduplicated_deepcad_training_7_30.txt	00273687	missing_condition_dir	/mnt/d/data/deepcad_v7_cond/00273687
src/brepnet/data/list/deduplicated_deepcad_training_7_30.txt	00274627	missing_condition_dir	/mnt/d/data/deepcad_v7_cond/00274627
src/brepnet/data/list/deduplicated_deepcad_training_7_30.txt	00275154	missing_condition_dir	/mnt/d/data/deepcad_v7_cond/00275154
src/brepnet/data/list/deduplicated_deepcad_training_7_30.txt	00276263	missing_condition_dir	/mnt/d/data/deepcad_v7_cond/00276263
src/brepnet/data/list/deduplicated_deepcad_training_7_30.txt	00276904	missing_condition_dir	/mnt/d/data/deepcad_v7_cond/00276904
src/brepnet/data/list/deduplicated_deepcad_training_7_30.txt	00278062	missing_condition_dir	/mnt/d/data/deepcad_v7_cond/00278062
src/brepnet/data/list/deduplicated_deepcad_training_7_30.txt	00278670	missing_condition_dir	/mnt/d/data/deepcad_v7_cond/00278670
src/brepnet/data/list/deduplicated_deepcad_training_7_30.txt	00281353	missing_condition_dir	/mnt/d/data/deepcad_v7_cond/00281353
src/brepnet/data/list/deduplicated_deepcad_training_7_30.txt	00281863	missing_condition_dir	/mnt/d/data/deepcad_v7_cond/00281863
src/brepnet/data/list/deduplicated_deepcad_training_7_30.txt	00282314	missing_condition_dir	/mnt/d/data/deepcad_v7_cond/00282314
src/brepnet/data/list/deduplicated_deepcad_training_7_30.txt	00284215	missing_condition_dir	/mnt/d/data/deepcad_v7_cond/00284215
src/brepnet/data/list/deduplicated_deepcad_training_7_30.txt	00284687	missing_condition_dir	/mnt/d/data/deepcad_v7_cond/00284687
src/brepnet/data/list/deduplicated_deepcad_training_7_30.txt	00285719	missing_condition_dir	/mnt/d/data/deepcad_v7_cond/00285719
src/brepnet/data/list/deduplicated_deepcad_training_7_30.txt	00285735	missing_condition_dir	/mnt/d/data/deepcad_v7_cond/00285735
src/brepnet/data/list/deduplicated_deepcad_training_7_30.txt	00288875	missing_condition_dir	/mnt/d/data/deepcad_v7_cond/00288875
src/brepnet/data/list/deduplicated_deepcad_training_7_30.txt	00290656	missing_condition_dir	/mnt/d/data/deepcad_v7_cond/00290656
src/brepnet/data/list/deduplicated_deepcad_training_7_30.txt	00293761	missing_condition_dir	/mnt/d/data/deepcad_v7_cond/00293761
src/brepnet/data/list/deduplicated_deepcad_training_7_30.txt	00294789	missing_condition_dir	/mnt/d/data/deepcad_v7_cond/00294789
src/brepnet/data/list/deduplicated_deepcad_training_7_30.txt	00296001	missing_condition_dir	/mnt/d/data/deepcad_v7_cond/00296001
src/brepnet/data/list/deduplicated_deepcad_training_7_30.txt	00296154	missing_condition_dir	/mnt/d/data/deepcad_v7_cond/00296154
src/brepnet/data/list/deduplicated_deepcad_training_7_30.txt	00297937	missing_condition_dir	/mnt/d/data/deepcad_v7_cond/00297937
src/brepnet/data/list/deduplicated_deepcad_training_7_30.txt	00299973	missing_condition_dir	/mnt/d/data/deepcad_v7_cond/00299973
src/brepnet/data/list/deduplicated_deepcad_training_7_30.txt	00300036	missing_condition_dir	/mnt/d/data/deepcad_v7_cond/00300036
src/brepnet/data/list/deduplicated_deepcad_training_7_30.txt	00301872	missing_condition_dir	/mnt/d/data/deepcad_v7_cond/00301872
src/brepnet/data/list/deduplicated_deepcad_training_7_30.txt	00302201	missing_condition_dir	/mnt/d/data/deepcad_v7_cond/00302201
src/brepnet/data/list/deduplicated_deepcad_training_7_30.txt	00304500	missing_condition_dir	/mnt/d/data/deepcad_v7_cond/00304500
src/brepnet/data/list/deduplicated_deepcad_training_7_30.txt	00306058	missing_condition_dir	/mnt/d/data/deepcad_v7_cond/00306058
src/brepnet/data/list/deduplicated_deepcad_training_7_30.txt	00308293	missing_condition_dir	/mnt/d/data/deepcad_v7_cond/00308293
src/brepnet/data/list/deduplicated_deepcad_training_7_30.txt	00308439	missing_condition_dir	/mnt/d/data/deepcad_v7_cond/00308439
src/brepnet/data/list/deduplicated_deepcad_training_7_30.txt	00309152	missing_condition_dir	/mnt/d/data/deepcad_v7_cond/00309152
src/brepnet/data/list/deduplicated_deepcad_training_7_30.txt	00309154	missing_condition_dir	/mnt/d/data/deepcad_v7_cond/00309154
src/brepnet/data/list/deduplicated_deepcad_training_7_30.txt	00309499	missing_condition_dir	/mnt/d/data/deepcad_v7_cond/00309499
src/brepnet/data/list/deduplicated_deepcad_training_7_30.txt	00309795	missing_condition_dir	/mnt/d/data/deepcad_v7_cond/00309795
src/brepnet/data/list/deduplicated_deepcad_training_7_30.txt	00313109	missing_condition_dir	/mnt/d/data/deepcad_v7_cond/00313109
src/brepnet/data/list/deduplicated_deepcad_training_7_30.txt	00313351	missing_condition_dir	/mnt/d/data/deepcad_v7_cond/00313351
src/brepnet/data/list/deduplicated_deepcad_training_7_30.txt	00313423	missing_condition_dir	/mnt/d/data/deepcad_v7_cond/00313423
src/brepnet/data/list/deduplicated_deepcad_training_7_30.txt	00314581	missing_condition_dir	/mnt/d/data/deepcad_v7_cond/00314581
src/brepnet/data/list/deduplicated_deepcad_training_7_30.txt	00316325	missing_condition_dir	/mnt/d/data/deepcad_v7_cond/00316325
src/brepnet/data/list/deduplicated_deepcad_training_7_30.txt	00316985	missing_condition_dir	/mnt/d/data/deepcad_v7_cond/00316985
src/brepnet/data/list/deduplicated_deepcad_training_7_30.txt	00317376	missing_condition_dir	/mnt/d/data/deepcad_v7_cond/00317376
src/brepnet/data/list/deduplicated_deepcad_training_7_30.txt	00320450	missing_condition_dir	/mnt/d/data/deepcad_v7_cond/00320450
src/brepnet/data/list/deduplicated_deepcad_training_7_30.txt	00321335	missing_condition_dir	/mnt/d/data/deepcad_v7_cond/00321335
src/brepnet/data/list/deduplicated_deepcad_training_7_30.txt	00321866	missing_condition_dir	/mnt/d/data/deepcad_v7_cond/00321866
src/brepnet/data/list/deduplicated_deepcad_training_7_30.txt	00323032	missing_condition_dir	/mnt/d/data/deepcad_v7_cond/00323032
src/brepnet/data/list/deduplicated_deepcad_training_7_30.txt	00323887	missing_condition_dir	/mnt/d/data/deepcad_v7_cond/00323887
src/brepnet/data/list/deduplicated_deepcad_training_7_30.txt	00325256	missing_condition_dir	/mnt/d/data/deepcad_v7_cond/00325256
src/brepnet/data/list/deduplicated_deepcad_training_7_30.txt	00326637	missing_condition_dir	/mnt/d/data/deepcad_v7_cond/00326637
src/brepnet/data/list/deduplicated_deepcad_training_7_30.txt	00328663	missing_condition_dir	/mnt/d/data/deepcad_v7_cond/00328663
src/brepnet/data/list/deduplicated_deepcad_training_7_30.txt	00332164	missing_condition_dir	/mnt/d/data/deepcad_v7_cond/00332164
src/brepnet/data/list/deduplicated_deepcad_training_7_30.txt	00335790	missing_condition_dir	/mnt/d/data/deepcad_v7_cond/00335790
src/brepnet/data/list/deduplicated_deepcad_training_7_30.txt	00336672	missing_condition_dir	/mnt/d/data/deepcad_v7_cond/00336672
src/brepnet/data/list/deduplicated_deepcad_training_7_30.txt	00337965	missing_condition_dir	/mnt/d/data/deepcad_v7_cond/00337965
src/brepnet/data/list/deduplicated_deepcad_training_7_30.txt	00340167	missing_condition_dir	/mnt/d/data/deepcad_v7_cond/00340167
src/brepnet/data/list/deduplicated_deepcad_training_7_30.txt	00340415	missing_condition_dir	/mnt/d/data/deepcad_v7_cond/00340415
src/brepnet/data/list/deduplicated_deepcad_training_7_30.txt	00341308	missing_condition_dir	/mnt/d/data/deepcad_v7_cond/00341308
src/brepnet/data/list/deduplicated_deepcad_training_7_30.txt	00342693	missing_condition_dir	/mnt/d/data/deepcad_v7_cond/00342693
src/brepnet/data/list/deduplicated_deepcad_training_7_30.txt	00344562	missing_condition_dir	/mnt/d/data/deepcad_v7_cond/00344562
src/brepnet/data/list/deduplicated_deepcad_training_7_30.txt	00344695	missing_condition_dir	/mnt/d/data/deepcad_v7_cond/00344695
src/brepnet/data/list/deduplicated_deepcad_training_7_30.txt	00344857	missing_condition_dir	/mnt/d/data/deepcad_v7_cond/00344857
src/brepnet/data/list/deduplicated_deepcad_training_7_30.txt	00347097	missing_condition_dir	/mnt/d/data/deepcad_v7_cond/00347097
src/brepnet/data/list/deduplicated_deepcad_training_7_30.txt	00349326	missing_condition_dir	/mnt/d/data/deepcad_v7_cond/00349326
src/brepnet/data/list/deduplicated_deepcad_training_7_30.txt	00349912	missing_condition_dir	/mnt/d/data/deepcad_v7_cond/00349912
src/brepnet/data/list/deduplicated_deepcad_training_7_30.txt	00350598	missing_condition_dir	/mnt/d/data/deepcad_v7_cond/00350598
src/brepnet/data/list/deduplicated_deepcad_training_7_30.txt	00350811	missing_condition_dir	/mnt/d/data/deepcad_v7_cond/00350811
src/brepnet/data/list/deduplicated_deepcad_training_7_30.txt	00351311	missing_condition_dir	/mnt/d/data/deepcad_v7_cond/00351311
src/brepnet/data/list/deduplicated_deepcad_training_7_30.txt	00353551	missing_condition_dir	/mnt/d/data/deepcad_v7_cond/00353551
src/brepnet/data/list/deduplicated_deepcad_training_7_30.txt	00353594	missing_condition_dir	/mnt/d/data/deepcad_v7_cond/00353594
src/brepnet/data/list/deduplicated_deepcad_training_7_30.txt	00353687	missing_condition_dir	/mnt/d/data/deepcad_v7_cond/00353687
src/brepnet/data/list/deduplicated_deepcad_training_7_30.txt	00354018	missing_condition_dir	/mnt/d/data/deepcad_v7_cond/00354018
src/brepnet/data/list/deduplicated_deepcad_training_7_30.txt	00355527	missing_condition_dir	/mnt/d/data/deepcad_v7_cond/00355527
src/brepnet/data/list/deduplicated_deepcad_training_7_30.txt	00356113	missing_condition_dir	/mnt/d/data/deepcad_v7_cond/00356113
src/brepnet/data/list/deduplicated_deepcad_training_7_30.txt	00356443	missing_condition_dir	/mnt/d/data/deepcad_v7_cond/00356443
src/brepnet/data/list/deduplicated_deepcad_training_7_30.txt	00357504	missing_condition_dir	/mnt/d/data/deepcad_v7_cond/00357504
src/brepnet/data/list/deduplicated_deepcad_training_7_30.txt	00358331	missing_condition_dir	/mnt/d/data/deepcad_v7_cond/00358331
src/brepnet/data/list/deduplicated_deepcad_training_7_30.txt	00359096	missing_condition_dir	/mnt/d/data/deepcad_v7_cond/00359096
src/brepnet/data/list/deduplicated_deepcad_training_7_30.txt	00359097	missing_condition_dir	/mnt/d/data/deepcad_v7_cond/00359097
src/brepnet/data/list/deduplicated_deepcad_training_7_30.txt	00359120	missing_condition_dir	/mnt/d/data/deepcad_v7_cond/00359120
src/brepnet/data/list/deduplicated_deepcad_training_7_30.txt	00359894	missing_condition_dir	/mnt/d/data/deepcad_v7_cond/00359894
src/brepnet/data/list/deduplicated_deepcad_training_7_30.txt	00361026	missing_condition_dir	/mnt/d/data/deepcad_v7_cond/00361026
src/brepnet/data/list/deduplicated_deepcad_training_7_30.txt	00361088	missing_condition_dir	/mnt/d/data/deepcad_v7_cond/00361088
src/brepnet/data/list/deduplicated_deepcad_training_7_30.txt	00365505	missing_condition_dir	/mnt/d/data/deepcad_v7_cond/00365505
src/brepnet/data/list/deduplicated_deepcad_training_7_30.txt	00366338	missing_condition_dir	/mnt/d/data/deepcad_v7_cond/00366338
src/brepnet/data/list/deduplicated_deepcad_training_7_30.txt	00366363	missing_condition_dir	/mnt/d/data/deepcad_v7_cond/00366363
src/brepnet/data/list/deduplicated_deepcad_training_7_30.txt	00366639	missing_condition_dir	/mnt/d/data/deepcad_v7_cond/00366639
src/brepnet/data/list/deduplicated_deepcad_training_7_30.txt	00367982	missing_condition_dir	/mnt/d/data/deepcad_v7_cond/00367982
src/brepnet/data/list/deduplicated_deepcad_training_7_30.txt	00372279	missing_condition_dir	/mnt/d/data/deepcad_v7_cond/00372279
src/brepnet/data/list/deduplicated_deepcad_training_7_30.txt	00372283	missing_condition_dir	/mnt/d/data/deepcad_v7_cond/00372283
src/brepnet/data/list/deduplicated_deepcad_training_7_30.txt	00372974	missing_condition_dir	/mnt/d/data/deepcad_v7_cond/00372974
src/brepnet/data/list/deduplicated_deepcad_training_7_30.txt	00374789	missing_condition_dir	/mnt/d/data/deepcad_v7_cond/00374789
src/brepnet/data/list/deduplicated_deepcad_training_7_30.txt	00374910	missing_condition_dir	/mnt/d/data/deepcad_v7_cond/00374910
src/brepnet/data/list/deduplicated_deepcad_training_7_30.txt	00385173	missing_condition_dir	/mnt/d/data/deepcad_v7_cond/00385173
src/brepnet/data/list/deduplicated_deepcad_training_7_30.txt	00386694	missing_condition_dir	/mnt/d/data/deepcad_v7_cond/00386694
src/brepnet/data/list/deduplicated_deepcad_training_7_30.txt	00387302	missing_condition_dir	/mnt/d/data/deepcad_v7_cond/00387302
src/brepnet/data/list/deduplicated_deepcad_training_7_30.txt	00388843	missing_condition_dir	/mnt/d/data/deepcad_v7_cond/00388843
src/brepnet/data/list/deduplicated_deepcad_training_7_30.txt	00389392	missing_condition_dir	/mnt/d/data/deepcad_v7_cond/00389392
src/brepnet/data/list/deduplicated_deepcad_training_7_30.txt	00392373	missing_condition_dir	/mnt/d/data/deepcad_v7_cond/00392373
src/brepnet/data/list/deduplicated_deepcad_training_7_30.txt	00392945	missing_condition_dir	/mnt/d/data/deepcad_v7_cond/00392945
src/brepnet/data/list/deduplicated_deepcad_training_7_30.txt	00395323	missing_condition_dir	/mnt/d/data/deepcad_v7_cond/00395323
src/brepnet/data/list/deduplicated_deepcad_training_7_30.txt	00395913	missing_condition_dir	/mnt/d/data/deepcad_v7_cond/00395913
src/brepnet/data/list/deduplicated_deepcad_training_7_30.txt	00396610	missing_condition_dir	/mnt/d/data/deepcad_v7_cond/00396610
src/brepnet/data/list/deduplicated_deepcad_training_7_30.txt	00396697	missing_condition_dir	/mnt/d/data/deepcad_v7_cond/00396697
src/brepnet/data/list/deduplicated_deepcad_training_7_30.txt	00397801	missing_condition_dir	/mnt/d/data/deepcad_v7_cond/00397801
src/brepnet/data/list/deduplicated_deepcad_training_7_30.txt	00402846	missing_condition_dir	/mnt/d/data/deepcad_v7_cond/00402846
src/brepnet/data/list/deduplicated_deepcad_training_7_30.txt	00402880	missing_condition_dir	/mnt/d/data/deepcad_v7_cond/00402880
src/brepnet/data/list/deduplicated_deepcad_training_7_30.txt	00407482	missing_condition_dir	/mnt/d/data/deepcad_v7_cond/00407482
src/brepnet/data/list/deduplicated_deepcad_training_7_30.txt	00408502	missing_condition_dir	/mnt/d/data/deepcad_v7_cond/00408502
src/brepnet/data/list/deduplicated_deepcad_training_7_30.txt	00414048	missing_condition_dir	/mnt/d/data/deepcad_v7_cond/00414048
src/brepnet/data/list/deduplicated_deepcad_training_7_30.txt	00415018	missing_condition_dir	/mnt/d/data/deepcad_v7_cond/00415018
src/brepnet/data/list/deduplicated_deepcad_training_7_30.txt	00418437	missing_condition_dir	/mnt/d/data/deepcad_v7_cond/00418437
src/brepnet/data/list/deduplicated_deepcad_training_7_30.txt	00419378	missing_condition_dir	/mnt/d/data/deepcad_v7_cond/00419378
src/brepnet/data/list/deduplicated_deepcad_training_7_30.txt	00421334	missing_condition_dir	/mnt/d/data/deepcad_v7_cond/00421334
src/brepnet/data/list/deduplicated_deepcad_training_7_30.txt	00421709	missing_condition_dir	/mnt/d/data/deepcad_v7_cond/00421709
src/brepnet/data/list/deduplicated_deepcad_training_7_30.txt	00421747	missing_condition_dir	/mnt/d/data/deepcad_v7_cond/00421747
src/brepnet/data/list/deduplicated_deepcad_training_7_30.txt	00422213	missing_condition_dir	/mnt/d/data/deepcad_v7_cond/00422213
src/brepnet/data/list/deduplicated_deepcad_training_7_30.txt	00425284	missing_condition_dir	/mnt/d/data/deepcad_v7_cond/00425284
src/brepnet/data/list/deduplicated_deepcad_training_7_30.txt	00426944	missing_condition_dir	/mnt/d/data/deepcad_v7_cond/00426944
src/brepnet/data/list/deduplicated_deepcad_training_7_30.txt	00431995	missing_condition_dir	/mnt/d/data/deepcad_v7_cond/00431995
src/brepnet/data/list/deduplicated_deepcad_training_7_30.txt	00433406	missing_condition_dir	/mnt/d/data/deepcad_v7_cond/00433406
src/brepnet/data/list/deduplicated_deepcad_training_7_30.txt	00433777	missing_condition_dir	/mnt/d/data/deepcad_v7_cond/00433777
src/brepnet/data/list/deduplicated_deepcad_training_7_30.txt	00434120	missing_condition_dir	/mnt/d/data/deepcad_v7_cond/00434120
src/brepnet/data/list/deduplicated_deepcad_training_7_30.txt	00435928	missing_condition_dir	/mnt/d/data/deepcad_v7_cond/00435928
src/brepnet/data/list/deduplicated_deepcad_training_7_30.txt	00437821	missing_condition_dir	/mnt/d/data/deepcad_v7_cond/00437821
src/brepnet/data/list/deduplicated_deepcad_training_7_30.txt	00439395	missing_condition_dir	/mnt/d/data/deepcad_v7_cond/00439395
src/brepnet/data/list/deduplicated_deepcad_training_7_30.txt	00440266	missing_condition_dir	/mnt/d/data/deepcad_v7_cond/00440266
src/brepnet/data/list/deduplicated_deepcad_training_7_30.txt	00440957	missing_condition_dir	/mnt/d/data/deepcad_v7_cond/00440957
src/brepnet/data/list/deduplicated_deepcad_training_7_30.txt	00441717	missing_condition_dir	/mnt/d/data/deepcad_v7_cond/00441717
src/brepnet/data/list/deduplicated_deepcad_training_7_30.txt	00443188	missing_condition_dir	/mnt/d/data/deepcad_v7_cond/00443188
src/brepnet/data/list/deduplicated_deepcad_training_7_30.txt	00443586	missing_condition_dir	/mnt/d/data/deepcad_v7_cond/00443586
src/brepnet/data/list/deduplicated_deepcad_training_7_30.txt	00445312	missing_condition_dir	/mnt/d/data/deepcad_v7_cond/00445312
src/brepnet/data/list/deduplicated_deepcad_training_7_30.txt	00446488	missing_condition_dir	/mnt/d/data/deepcad_v7_cond/00446488
src/brepnet/data/list/deduplicated_deepcad_training_7_30.txt	00453099	missing_condition_dir	/mnt/d/data/deepcad_v7_cond/00453099
src/brepnet/data/list/deduplicated_deepcad_training_7_30.txt	00453961	missing_condition_dir	/mnt/d/data/deepcad_v7_cond/00453961
src/brepnet/data/list/deduplicated_deepcad_training_7_30.txt	00456446	missing_condition_dir	/mnt/d/data/deepcad_v7_cond/00456446
src/brepnet/data/list/deduplicated_deepcad_training_7_30.txt	00456870	missing_condition_dir	/mnt/d/data/deepcad_v7_cond/00456870
src/brepnet/data/list/deduplicated_deepcad_training_7_30.txt	00460119	missing_condition_dir	/mnt/d/data/deepcad_v7_cond/00460119
src/brepnet/data/list/deduplicated_deepcad_training_7_30.txt	00460761	missing_condition_dir	/mnt/d/data/deepcad_v7_cond/00460761
src/brepnet/data/list/deduplicated_deepcad_training_7_30.txt	00462281	missing_condition_dir	/mnt/d/data/deepcad_v7_cond/00462281
src/brepnet/data/list/deduplicated_deepcad_training_7_30.txt	00463818	missing_condition_dir	/mnt/d/data/deepcad_v7_cond/00463818
src/brepnet/data/list/deduplicated_deepcad_training_7_30.txt	00465893	missing_condition_dir	/mnt/d/data/deepcad_v7_cond/00465893
src/brepnet/data/list/deduplicated_deepcad_training_7_30.txt	00466313	missing_condition_dir	/mnt/d/data/deepcad_v7_cond/00466313
src/brepnet/data/list/deduplicated_deepcad_training_7_30.txt	00469575	missing_condition_dir	/mnt/d/data/deepcad_v7_cond/00469575
src/brepnet/data/list/deduplicated_deepcad_training_7_30.txt	00473677	missing_condition_dir	/mnt/d/data/deepcad_v7_cond/00473677
src/brepnet/data/list/deduplicated_deepcad_training_7_30.txt	00474048	missing_condition_dir	/mnt/d/data/deepcad_v7_cond/00474048
src/brepnet/data/list/deduplicated_deepcad_training_7_30.txt	00474297	missing_condition_dir	/mnt/d/data/deepcad_v7_cond/00474297
src/brepnet/data/list/deduplicated_deepcad_training_7_30.txt	00474767	missing_condition_dir	/mnt/d/data/deepcad_v7_cond/00474767
src/brepnet/data/list/deduplicated_deepcad_training_7_30.txt	00477800	missing_condition_dir	/mnt/d/data/deepcad_v7_cond/00477800
src/brepnet/data/list/deduplicated_deepcad_training_7_30.txt	00479917	missing_condition_dir	/mnt/d/data/deepcad_v7_cond/00479917
src/brepnet/data/list/deduplicated_deepcad_training_7_30.txt	00484425	missing_condition_dir	/mnt/d/data/deepcad_v7_cond/00484425
src/brepnet/data/list/deduplicated_deepcad_training_7_30.txt	00484853	missing_condition_dir	/mnt/d/data/deepcad_v7_cond/00484853
src/brepnet/data/list/deduplicated_deepcad_training_7_30.txt	00485255	missing_condition_dir	/mnt/d/data/deepcad_v7_cond/00485255
src/brepnet/data/list/deduplicated_deepcad_training_7_30.txt	00485950	missing_condition_dir	/mnt/d/data/deepcad_v7_cond/00485950
src/brepnet/data/list/deduplicated_deepcad_training_7_30.txt	00486203	missing_condition_dir	/mnt/d/data/deepcad_v7_cond/00486203
src/brepnet/data/list/deduplicated_deepcad_training_7_30.txt	00486227	missing_condition_dir	/mnt/d/data/deepcad_v7_cond/00486227
src/brepnet/data/list/deduplicated_deepcad_training_7_30.txt	00486341	missing_condition_dir	/mnt/d/data/deepcad_v7_cond/00486341
src/brepnet/data/list/deduplicated_deepcad_training_7_30.txt	00486544	missing_condition_dir	/mnt/d/data/deepcad_v7_cond/00486544
src/brepnet/data/list/deduplicated_deepcad_training_7_30.txt	00486752	missing_condition_dir	/mnt/d/data/deepcad_v7_cond/00486752
src/brepnet/data/list/deduplicated_deepcad_training_7_30.txt	00487083	missing_condition_dir	/mnt/d/data/deepcad_v7_cond/00487083
src/brepnet/data/list/deduplicated_deepcad_training_7_30.txt	00489365	missing_condition_dir	/mnt/d/data/deepcad_v7_cond/00489365
src/brepnet/data/list/deduplicated_deepcad_training_7_30.txt	00489533	missing_condition_dir	/mnt/d/data/deepcad_v7_cond/00489533
src/brepnet/data/list/deduplicated_deepcad_training_7_30.txt	00489618	missing_condition_dir	/mnt/d/data/deepcad_v7_cond/00489618
src/brepnet/data/list/deduplicated_deepcad_training_7_30.txt	00489903	missing_condition_dir	/mnt/d/data/deepcad_v7_cond/00489903
src/brepnet/data/list/deduplicated_deepcad_training_7_30.txt	00493123	missing_condition_dir	/mnt/d/data/deepcad_v7_cond/00493123
src/brepnet/data/list/deduplicated_deepcad_training_7_30.txt	00493162	missing_condition_dir	/mnt/d/data/deepcad_v7_cond/00493162
src/brepnet/data/list/deduplicated_deepcad_training_7_30.txt	00493387	missing_condition_dir	/mnt/d/data/deepcad_v7_cond/00493387
src/brepnet/data/list/deduplicated_deepcad_training_7_30.txt	00494392	missing_condition_dir	/mnt/d/data/deepcad_v7_cond/00494392
src/brepnet/data/list/deduplicated_deepcad_training_7_30.txt	00495070	missing_condition_dir	/mnt/d/data/deepcad_v7_cond/00495070
src/brepnet/data/list/deduplicated_deepcad_training_7_30.txt	00497444	missing_condition_dir	/mnt/d/data/deepcad_v7_cond/00497444
src/brepnet/data/list/deduplicated_deepcad_training_7_30.txt	00499383	missing_condition_dir	/mnt/d/data/deepcad_v7_cond/00499383
src/brepnet/data/list/deduplicated_deepcad_training_7_30.txt	00500010	missing_condition_dir	/mnt/d/data/deepcad_v7_cond/00500010
src/brepnet/data/list/deduplicated_deepcad_training_7_30.txt	00500324	missing_condition_dir	/mnt/d/data/deepcad_v7_cond/00500324
src/brepnet/data/list/deduplicated_deepcad_training_7_30.txt	00501161	missing_condition_dir	/mnt/d/data/deepcad_v7_cond/00501161
src/brepnet/data/list/deduplicated_deepcad_training_7_30.txt	00502826	missing_condition_dir	/mnt/d/data/deepcad_v7_cond/00502826
src/brepnet/data/list/deduplicated_deepcad_training_7_30.txt	00503209	missing_condition_dir	/mnt/d/data/deepcad_v7_cond/00503209
src/brepnet/data/list/deduplicated_deepcad_training_7_30.txt	00503247	missing_condition_dir	/mnt/d/data/deepcad_v7_cond/00503247
src/brepnet/data/list/deduplicated_deepcad_training_7_30.txt	00505074	missing_condition_dir	/mnt/d/data/deepcad_v7_cond/00505074
src/brepnet/data/list/deduplicated_deepcad_training_7_30.txt	00507915	missing_condition_dir	/mnt/d/data/deepcad_v7_cond/00507915
src/brepnet/data/list/deduplicated_deepcad_training_7_30.txt	00508388	missing_condition_dir	/mnt/d/data/deepcad_v7_cond/00508388
src/brepnet/data/list/deduplicated_deepcad_training_7_30.txt	00510852	missing_condition_dir	/mnt/d/data/deepcad_v7_cond/00510852
src/brepnet/data/list/deduplicated_deepcad_training_7_30.txt	00511671	missing_condition_dir	/mnt/d/data/deepcad_v7_cond/00511671
src/brepnet/data/list/deduplicated_deepcad_training_7_30.txt	00515350	missing_condition_dir	/mnt/d/data/deepcad_v7_cond/00515350
src/brepnet/data/list/deduplicated_deepcad_training_7_30.txt	00516984	missing_condition_dir	/mnt/d/data/deepcad_v7_cond/00516984
src/brepnet/data/list/deduplicated_deepcad_training_7_30.txt	00517409	missing_condition_dir	/mnt/d/data/deepcad_v7_cond/00517409
src/brepnet/data/list/deduplicated_deepcad_training_7_30.txt	00519021	missing_condition_dir	/mnt/d/data/deepcad_v7_cond/00519021
src/brepnet/data/list/deduplicated_deepcad_training_7_30.txt	00520728	missing_condition_dir	/mnt/d/data/deepcad_v7_cond/00520728
src/brepnet/data/list/deduplicated_deepcad_training_7_30.txt	00522207	missing_condition_dir	/mnt/d/data/deepcad_v7_cond/00522207
src/brepnet/data/list/deduplicated_deepcad_training_7_30.txt	00522403	missing_condition_dir	/mnt/d/data/deepcad_v7_cond/00522403
src/brepnet/data/list/deduplicated_deepcad_training_7_30.txt	00524517	missing_condition_dir	/mnt/d/data/deepcad_v7_cond/00524517
src/brepnet/data/list/deduplicated_deepcad_training_7_30.txt	00525767	missing_condition_dir	/mnt/d/data/deepcad_v7_cond/00525767
src/brepnet/data/list/deduplicated_deepcad_training_7_30.txt	00526079	missing_condition_dir	/mnt/d/data/deepcad_v7_cond/00526079
src/brepnet/data/list/deduplicated_deepcad_training_7_30.txt	00527804	missing_condition_dir	/mnt/d/data/deepcad_v7_cond/00527804
src/brepnet/data/list/deduplicated_deepcad_training_7_30.txt	00528213	missing_condition_dir	/mnt/d/data/deepcad_v7_cond/00528213
src/brepnet/data/list/deduplicated_deepcad_training_7_30.txt	00528443	missing_condition_dir	/mnt/d/data/deepcad_v7_cond/00528443
src/brepnet/data/list/deduplicated_deepcad_training_7_30.txt	00530302	missing_condition_dir	/mnt/d/data/deepcad_v7_cond/00530302
src/brepnet/data/list/deduplicated_deepcad_training_7_30.txt	00530422	missing_condition_dir	/mnt/d/data/deepcad_v7_cond/00530422
src/brepnet/data/list/deduplicated_deepcad_training_7_30.txt	00533394	missing_condition_dir	/mnt/d/data/deepcad_v7_cond/00533394
src/brepnet/data/list/deduplicated_deepcad_training_7_30.txt	00533409	missing_condition_dir	/mnt/d/data/deepcad_v7_cond/00533409
src/brepnet/data/list/deduplicated_deepcad_training_7_30.txt	00533999	missing_condition_dir	/mnt/d/data/deepcad_v7_cond/00533999
src/brepnet/data/list/deduplicated_deepcad_training_7_30.txt	00535293	missing_condition_dir	/mnt/d/data/deepcad_v7_cond/00535293
src/brepnet/data/list/deduplicated_deepcad_training_7_30.txt	00535567	missing_condition_dir	/mnt/d/data/deepcad_v7_cond/00535567
src/brepnet/data/list/deduplicated_deepcad_training_7_30.txt	00535705	missing_condition_dir	/mnt/d/data/deepcad_v7_cond/00535705
src/brepnet/data/list/deduplicated_deepcad_training_7_30.txt	00536627	missing_condition_dir	/mnt/d/data/deepcad_v7_cond/00536627
src/brepnet/data/list/deduplicated_deepcad_training_7_30.txt	00536672	missing_condition_dir	/mnt/d/data/deepcad_v7_cond/00536672
src/brepnet/data/list/deduplicated_deepcad_training_7_30.txt	00537645	missing_condition_dir	/mnt/d/data/deepcad_v7_cond/00537645
src/brepnet/data/list/deduplicated_deepcad_training_7_30.txt	00540526	missing_condition_dir	/mnt/d/data/deepcad_v7_cond/00540526
src/brepnet/data/list/deduplicated_deepcad_training_7_30.txt	00543242	missing_condition_dir	/mnt/d/data/deepcad_v7_cond/00543242
src/brepnet/data/list/deduplicated_deepcad_training_7_30.txt	00548550	missing_condition_dir	/mnt/d/data/deepcad_v7_cond/00548550
src/brepnet/data/list/deduplicated_deepcad_training_7_30.txt	00551490	missing_condition_dir	/mnt/d/data/deepcad_v7_cond/00551490
src/brepnet/data/list/deduplicated_deepcad_training_7_30.txt	00553278	missing_condition_dir	/mnt/d/data/deepcad_v7_cond/00553278
src/brepnet/data/list/deduplicated_deepcad_training_7_30.txt	00558690	missing_condition_dir	/mnt/d/data/deepcad_v7_cond/00558690
src/brepnet/data/list/deduplicated_deepcad_training_7_30.txt	00559221	missing_condition_dir	/mnt/d/data/deepcad_v7_cond/00559221
src/brepnet/data/list/deduplicated_deepcad_training_7_30.txt	00559351	missing_condition_dir	/mnt/d/data/deepcad_v7_cond/00559351
src/brepnet/data/list/deduplicated_deepcad_training_7_30.txt	00559591	missing_condition_dir	/mnt/d/data/deepcad_v7_cond/00559591
src/brepnet/data/list/deduplicated_deepcad_training_7_30.txt	00560436	missing_condition_dir	/mnt/d/data/deepcad_v7_cond/00560436
src/brepnet/data/list/deduplicated_deepcad_training_7_30.txt	00560923	missing_condition_dir	/mnt/d/data/deepcad_v7_cond/00560923
src/brepnet/data/list/deduplicated_deepcad_training_7_30.txt	00561532	missing_condition_dir	/mnt/d/data/deepcad_v7_cond/00561532
src/brepnet/data/list/deduplicated_deepcad_training_7_30.txt	00561768	missing_condition_dir	/mnt/d/data/deepcad_v7_cond/00561768
src/brepnet/data/list/deduplicated_deepcad_training_7_30.txt	00561915	missing_condition_dir	/mnt/d/data/deepcad_v7_cond/00561915
src/brepnet/data/list/deduplicated_deepcad_training_7_30.txt	00562166	missing_condition_dir	/mnt/d/data/deepcad_v7_cond/00562166
src/brepnet/data/list/deduplicated_deepcad_training_7_30.txt	00565031	missing_condition_dir	/mnt/d/data/deepcad_v7_cond/00565031
src/brepnet/data/list/deduplicated_deepcad_training_7_30.txt	00566370	missing_condition_dir	/mnt/d/data/deepcad_v7_cond/00566370
src/brepnet/data/list/deduplicated_deepcad_training_7_30.txt	00567634	missing_condition_dir	/mnt/d/data/deepcad_v7_cond/00567634
src/brepnet/data/list/deduplicated_deepcad_training_7_30.txt	00568947	missing_condition_dir	/mnt/d/data/deepcad_v7_cond/00568947
src/brepnet/data/list/deduplicated_deepcad_training_7_30.txt	00571083	missing_condition_dir	/mnt/d/data/deepcad_v7_cond/00571083
src/brepnet/data/list/deduplicated_deepcad_training_7_30.txt	00572222	missing_condition_dir	/mnt/d/data/deepcad_v7_cond/00572222
src/brepnet/data/list/deduplicated_deepcad_training_7_30.txt	00575815	missing_condition_dir	/mnt/d/data/deepcad_v7_cond/00575815
src/brepnet/data/list/deduplicated_deepcad_training_7_30.txt	00576430	missing_condition_dir	/mnt/d/data/deepcad_v7_cond/00576430
src/brepnet/data/list/deduplicated_deepcad_training_7_30.txt	00577207	missing_condition_dir	/mnt/d/data/deepcad_v7_cond/00577207
src/brepnet/data/list/deduplicated_deepcad_training_7_30.txt	00577462	missing_condition_dir	/mnt/d/data/deepcad_v7_cond/00577462
src/brepnet/data/list/deduplicated_deepcad_training_7_30.txt	00578205	missing_condition_dir	/mnt/d/data/deepcad_v7_cond/00578205
src/brepnet/data/list/deduplicated_deepcad_training_7_30.txt	00582191	missing_condition_dir	/mnt/d/data/deepcad_v7_cond/00582191
src/brepnet/data/list/deduplicated_deepcad_training_7_30.txt	00584416	missing_condition_dir	/mnt/d/data/deepcad_v7_cond/00584416
src/brepnet/data/list/deduplicated_deepcad_training_7_30.txt	00584900	missing_condition_dir	/mnt/d/data/deepcad_v7_cond/00584900
src/brepnet/data/list/deduplicated_deepcad_training_7_30.txt	00585596	missing_condition_dir	/mnt/d/data/deepcad_v7_cond/00585596
src/brepnet/data/list/deduplicated_deepcad_training_7_30.txt	00585760	missing_condition_dir	/mnt/d/data/deepcad_v7_cond/00585760
src/brepnet/data/list/deduplicated_deepcad_training_7_30.txt	00588304	missing_condition_dir	/mnt/d/data/deepcad_v7_cond/00588304
src/brepnet/data/list/deduplicated_deepcad_training_7_30.txt	00588357	missing_condition_dir	/mnt/d/data/deepcad_v7_cond/00588357
src/brepnet/data/list/deduplicated_deepcad_training_7_30.txt	00588935	missing_condition_dir	/mnt/d/data/deepcad_v7_cond/00588935
src/brepnet/data/list/deduplicated_deepcad_training_7_30.txt	00589983	missing_condition_dir	/mnt/d/data/deepcad_v7_cond/00589983
src/brepnet/data/list/deduplicated_deepcad_training_7_30.txt	00590053	missing_condition_dir	/mnt/d/data/deepcad_v7_cond/00590053
src/brepnet/data/list/deduplicated_deepcad_training_7_30.txt	00590215	missing_condition_dir	/mnt/d/data/deepcad_v7_cond/00590215
src/brepnet/data/list/deduplicated_deepcad_training_7_30.txt	00590368	missing_condition_dir	/mnt/d/data/deepcad_v7_cond/00590368
src/brepnet/data/list/deduplicated_deepcad_training_7_30.txt	00590412	missing_condition_dir	/mnt/d/data/deepcad_v7_cond/00590412
src/brepnet/data/list/deduplicated_deepcad_training_7_30.txt	00591866	missing_condition_dir	/mnt/d/data/deepcad_v7_cond/00591866
src/brepnet/data/list/deduplicated_deepcad_training_7_30.txt	00595308	missing_condition_dir	/mnt/d/data/deepcad_v7_cond/00595308
src/brepnet/data/list/deduplicated_deepcad_training_7_30.txt	00596664	missing_condition_dir	/mnt/d/data/deepcad_v7_cond/00596664
src/brepnet/data/list/deduplicated_deepcad_training_7_30.txt	00598016	missing_condition_dir	/mnt/d/data/deepcad_v7_cond/00598016
src/brepnet/data/list/deduplicated_deepcad_training_7_30.txt	00598843	missing_condition_dir	/mnt/d/data/deepcad_v7_cond/00598843
src/brepnet/data/list/deduplicated_deepcad_training_7_30.txt	00601935	missing_condition_dir	/mnt/d/data/deepcad_v7_cond/00601935
src/brepnet/data/list/deduplicated_deepcad_training_7_30.txt	00601993	missing_condition_dir	/mnt/d/data/deepcad_v7_cond/00601993
src/brepnet/data/list/deduplicated_deepcad_training_7_30.txt	00602717	missing_condition_dir	/mnt/d/data/deepcad_v7_cond/00602717
src/brepnet/data/list/deduplicated_deepcad_training_7_30.txt	00604151	missing_condition_dir	/mnt/d/data/deepcad_v7_cond/00604151
src/brepnet/data/list/deduplicated_deepcad_training_7_30.txt	00606004	missing_condition_dir	/mnt/d/data/deepcad_v7_cond/00606004
src/brepnet/data/list/deduplicated_deepcad_training_7_30.txt	00608038	missing_condition_dir	/mnt/d/data/deepcad_v7_cond/00608038
src/brepnet/data/list/deduplicated_deepcad_training_7_30.txt	00608783	missing_condition_dir	/mnt/d/data/deepcad_v7_cond/00608783
src/brepnet/data/list/deduplicated_deepcad_training_7_30.txt	00611880	missing_condition_dir	/mnt/d/data/deepcad_v7_cond/00611880
src/brepnet/data/list/deduplicated_deepcad_training_7_30.txt	00613883	missing_condition_dir	/mnt/d/data/deepcad_v7_cond/00613883
src/brepnet/data/list/deduplicated_deepcad_training_7_30.txt	00617707	missing_condition_dir	/mnt/d/data/deepcad_v7_cond/00617707
src/brepnet/data/list/deduplicated_deepcad_training_7_30.txt	00619347	missing_condition_dir	/mnt/d/data/deepcad_v7_cond/00619347
src/brepnet/data/list/deduplicated_deepcad_training_7_30.txt	00620324	missing_condition_dir	/mnt/d/data/deepcad_v7_cond/00620324
src/brepnet/data/list/deduplicated_deepcad_training_7_30.txt	00621076	missing_condition_dir	/mnt/d/data/deepcad_v7_cond/00621076
src/brepnet/data/list/deduplicated_deepcad_training_7_30.txt	00623554	missing_condition_dir	/mnt/d/data/deepcad_v7_cond/00623554
src/brepnet/data/list/deduplicated_deepcad_training_7_30.txt	00623695	missing_condition_dir	/mnt/d/data/deepcad_v7_cond/00623695
src/brepnet/data/list/deduplicated_deepcad_training_7_30.txt	00625359	missing_condition_dir	/mnt/d/data/deepcad_v7_cond/00625359
src/brepnet/data/list/deduplicated_deepcad_training_7_30.txt	00629603	missing_condition_dir	/mnt/d/data/deepcad_v7_cond/00629603
src/brepnet/data/list/deduplicated_deepcad_training_7_30.txt	00629992	missing_condition_dir	/mnt/d/data/deepcad_v7_cond/00629992
src/brepnet/data/list/deduplicated_deepcad_training_7_30.txt	00630926	missing_condition_dir	/mnt/d/data/deepcad_v7_cond/00630926
src/brepnet/data/list/deduplicated_deepcad_training_7_30.txt	00631758	missing_condition_dir	/mnt/d/data/deepcad_v7_cond/00631758
src/brepnet/data/list/deduplicated_deepcad_training_7_30.txt	00632416	missing_condition_dir	/mnt/d/data/deepcad_v7_cond/00632416
src/brepnet/data/list/deduplicated_deepcad_training_7_30.txt	00635239	missing_condition_dir	/mnt/d/data/deepcad_v7_cond/00635239
src/brepnet/data/list/deduplicated_deepcad_training_7_30.txt	00636805	missing_condition_dir	/mnt/d/data/deepcad_v7_cond/00636805
src/brepnet/data/list/deduplicated_deepcad_training_7_30.txt	00637581	missing_condition_dir	/mnt/d/data/deepcad_v7_cond/00637581
src/brepnet/data/list/deduplicated_deepcad_training_7_30.txt	00637700	missing_condition_dir	/mnt/d/data/deepcad_v7_cond/00637700
src/brepnet/data/list/deduplicated_deepcad_training_7_30.txt	00638440	missing_condition_dir	/mnt/d/data/deepcad_v7_cond/00638440
src/brepnet/data/list/deduplicated_deepcad_training_7_30.txt	00640124	missing_condition_dir	/mnt/d/data/deepcad_v7_cond/00640124
src/brepnet/data/list/deduplicated_deepcad_training_7_30.txt	00640371	missing_condition_dir	/mnt/d/data/deepcad_v7_cond/00640371
src/brepnet/data/list/deduplicated_deepcad_training_7_30.txt	00640533	missing_condition_dir	/mnt/d/data/deepcad_v7_cond/00640533
src/brepnet/data/list/deduplicated_deepcad_training_7_30.txt	00640586	missing_condition_dir	/mnt/d/data/deepcad_v7_cond/00640586
src/brepnet/data/list/deduplicated_deepcad_training_7_30.txt	00640654	missing_condition_dir	/mnt/d/data/deepcad_v7_cond/00640654
src/brepnet/data/list/deduplicated_deepcad_training_7_30.txt	00641887	missing_condition_dir	/mnt/d/data/deepcad_v7_cond/00641887
src/brepnet/data/list/deduplicated_deepcad_training_7_30.txt	00646267	missing_condition_dir	/mnt/d/data/deepcad_v7_cond/00646267
src/brepnet/data/list/deduplicated_deepcad_training_7_30.txt	00652682	missing_condition_dir	/mnt/d/data/deepcad_v7_cond/00652682
src/brepnet/data/list/deduplicated_deepcad_training_7_30.txt	00657635	missing_condition_dir	/mnt/d/data/deepcad_v7_cond/00657635
src/brepnet/data/list/deduplicated_deepcad_training_7_30.txt	00659557	missing_condition_dir	/mnt/d/data/deepcad_v7_cond/00659557
src/brepnet/data/list/deduplicated_deepcad_training_7_30.txt	00659846	missing_condition_dir	/mnt/d/data/deepcad_v7_cond/00659846
src/brepnet/data/list/deduplicated_deepcad_training_7_30.txt	00663254	missing_condition_dir	/mnt/d/data/deepcad_v7_cond/00663254
src/brepnet/data/list/deduplicated_deepcad_training_7_30.txt	00663587	missing_condition_dir	/mnt/d/data/deepcad_v7_cond/00663587
src/brepnet/data/list/deduplicated_deepcad_training_7_30.txt	00664996	missing_condition_dir	/mnt/d/data/deepcad_v7_cond/00664996
src/brepnet/data/list/deduplicated_deepcad_training_7_30.txt	00668536	missing_condition_dir	/mnt/d/data/deepcad_v7_cond/00668536
src/brepnet/data/list/deduplicated_deepcad_training_7_30.txt	00668706	missing_condition_dir	/mnt/d/data/deepcad_v7_cond/00668706
src/brepnet/data/list/deduplicated_deepcad_training_7_30.txt	00668864	missing_condition_dir	/mnt/d/data/deepcad_v7_cond/00668864
src/brepnet/data/list/deduplicated_deepcad_training_7_30.txt	00668933	missing_condition_dir	/mnt/d/data/deepcad_v7_cond/00668933
src/brepnet/data/list/deduplicated_deepcad_training_7_30.txt	00670257	missing_condition_dir	/mnt/d/data/deepcad_v7_cond/00670257
src/brepnet/data/list/deduplicated_deepcad_training_7_30.txt	00673314	missing_condition_dir	/mnt/d/data/deepcad_v7_cond/00673314
src/brepnet/data/list/deduplicated_deepcad_training_7_30.txt	00674228	missing_condition_dir	/mnt/d/data/deepcad_v7_cond/00674228
src/brepnet/data/list/deduplicated_deepcad_training_7_30.txt	00676171	missing_condition_dir	/mnt/d/data/deepcad_v7_cond/00676171
src/brepnet/data/list/deduplicated_deepcad_training_7_30.txt	00678098	missing_condition_dir	/mnt/d/data/deepcad_v7_cond/00678098
src/brepnet/data/list/deduplicated_deepcad_training_7_30.txt	00678995	missing_condition_dir	/mnt/d/data/deepcad_v7_cond/00678995
src/brepnet/data/list/deduplicated_deepcad_training_7_30.txt	00683668	missing_condition_dir	/mnt/d/data/deepcad_v7_cond/00683668
src/brepnet/data/list/deduplicated_deepcad_training_7_30.txt	00685569	missing_condition_dir	/mnt/d/data/deepcad_v7_cond/00685569
src/brepnet/data/list/deduplicated_deepcad_training_7_30.txt	00687016	missing_condition_dir	/mnt/d/data/deepcad_v7_cond/00687016
src/brepnet/data/list/deduplicated_deepcad_training_7_30.txt	00693418	missing_condition_dir	/mnt/d/data/deepcad_v7_cond/00693418
src/brepnet/data/list/deduplicated_deepcad_training_7_30.txt	00693903	missing_condition_dir	/mnt/d/data/deepcad_v7_cond/00693903
src/brepnet/data/list/deduplicated_deepcad_training_7_30.txt	00693927	missing_condition_dir	/mnt/d/data/deepcad_v7_cond/00693927
src/brepnet/data/list/deduplicated_deepcad_training_7_30.txt	00695053	missing_condition_dir	/mnt/d/data/deepcad_v7_cond/00695053
src/brepnet/data/list/deduplicated_deepcad_training_7_30.txt	00697184	missing_condition_dir	/mnt/d/data/deepcad_v7_cond/00697184
src/brepnet/data/list/deduplicated_deepcad_training_7_30.txt	00697486	missing_condition_dir	/mnt/d/data/deepcad_v7_cond/00697486
src/brepnet/data/list/deduplicated_deepcad_training_7_30.txt	00698289	missing_condition_dir	/mnt/d/data/deepcad_v7_cond/00698289
src/brepnet/data/list/deduplicated_deepcad_training_7_30.txt	00699413	missing_condition_dir	/mnt/d/data/deepcad_v7_cond/00699413
src/brepnet/data/list/deduplicated_deepcad_training_7_30.txt	00699902	missing_condition_dir	/mnt/d/data/deepcad_v7_cond/00699902
src/brepnet/data/list/deduplicated_deepcad_training_7_30.txt	00701017	missing_condition_dir	/mnt/d/data/deepcad_v7_cond/00701017
src/brepnet/data/list/deduplicated_deepcad_training_7_30.txt	00702837	missing_condition_dir	/mnt/d/data/deepcad_v7_cond/00702837
src/brepnet/data/list/deduplicated_deepcad_training_7_30.txt	00705252	missing_condition_dir	/mnt/d/data/deepcad_v7_cond/00705252
src/brepnet/data/list/deduplicated_deepcad_training_7_30.txt	00705643	missing_condition_dir	/mnt/d/data/deepcad_v7_cond/00705643
src/brepnet/data/list/deduplicated_deepcad_training_7_30.txt	00708580	missing_condition_dir	/mnt/d/data/deepcad_v7_cond/00708580
src/brepnet/data/list/deduplicated_deepcad_training_7_30.txt	00709254	missing_condition_dir	/mnt/d/data/deepcad_v7_cond/00709254
src/brepnet/data/list/deduplicated_deepcad_training_7_30.txt	00710920	missing_condition_dir	/mnt/d/data/deepcad_v7_cond/00710920
src/brepnet/data/list/deduplicated_deepcad_training_7_30.txt	00711793	missing_condition_dir	/mnt/d/data/deepcad_v7_cond/00711793
src/brepnet/data/list/deduplicated_deepcad_training_7_30.txt	00715006	missing_condition_dir	/mnt/d/data/deepcad_v7_cond/00715006
src/brepnet/data/list/deduplicated_deepcad_training_7_30.txt	00715597	missing_condition_dir	/mnt/d/data/deepcad_v7_cond/00715597
src/brepnet/data/list/deduplicated_deepcad_training_7_30.txt	00716108	missing_condition_dir	/mnt/d/data/deepcad_v7_cond/00716108
src/brepnet/data/list/deduplicated_deepcad_training_7_30.txt	00716725	missing_condition_dir	/mnt/d/data/deepcad_v7_cond/00716725
src/brepnet/data/list/deduplicated_deepcad_training_7_30.txt	00718242	missing_condition_dir	/mnt/d/data/deepcad_v7_cond/00718242
src/brepnet/data/list/deduplicated_deepcad_training_7_30.txt	00718993	missing_condition_dir	/mnt/d/data/deepcad_v7_cond/00718993
src/brepnet/data/list/deduplicated_deepcad_training_7_30.txt	00719293	missing_condition_dir	/mnt/d/data/deepcad_v7_cond/00719293
src/brepnet/data/list/deduplicated_deepcad_training_7_30.txt	00719335	missing_condition_dir	/mnt/d/data/deepcad_v7_cond/00719335
src/brepnet/data/list/deduplicated_deepcad_training_7_30.txt	00721230	missing_condition_dir	/mnt/d/data/deepcad_v7_cond/00721230
src/brepnet/data/list/deduplicated_deepcad_training_7_30.txt	00721231	missing_condition_dir	/mnt/d/data/deepcad_v7_cond/00721231
src/brepnet/data/list/deduplicated_deepcad_training_7_30.txt	00721742	missing_condition_dir	/mnt/d/data/deepcad_v7_cond/00721742
src/brepnet/data/list/deduplicated_deepcad_training_7_30.txt	00722743	missing_condition_dir	/mnt/d/data/deepcad_v7_cond/00722743
src/brepnet/data/list/deduplicated_deepcad_training_7_30.txt	00727914	missing_condition_dir	/mnt/d/data/deepcad_v7_cond/00727914
src/brepnet/data/list/deduplicated_deepcad_training_7_30.txt	00730350	missing_condition_dir	/mnt/d/data/deepcad_v7_cond/00730350
src/brepnet/data/list/deduplicated_deepcad_training_7_30.txt	00735361	missing_condition_dir	/mnt/d/data/deepcad_v7_cond/00735361
src/brepnet/data/list/deduplicated_deepcad_training_7_30.txt	00735931	missing_condition_dir	/mnt/d/data/deepcad_v7_cond/00735931
src/brepnet/data/list/deduplicated_deepcad_training_7_30.txt	00736567	missing_condition_dir	/mnt/d/data/deepcad_v7_cond/00736567
src/brepnet/data/list/deduplicated_deepcad_training_7_30.txt	00736844	missing_condition_dir	/mnt/d/data/deepcad_v7_cond/00736844
src/brepnet/data/list/deduplicated_deepcad_training_7_30.txt	00738643	missing_condition_dir	/mnt/d/data/deepcad_v7_cond/00738643
src/brepnet/data/list/deduplicated_deepcad_training_7_30.txt	00738793	missing_condition_dir	/mnt/d/data/deepcad_v7_cond/00738793
src/brepnet/data/list/deduplicated_deepcad_training_7_30.txt	00742180	missing_condition_dir	/mnt/d/data/deepcad_v7_cond/00742180
src/brepnet/data/list/deduplicated_deepcad_training_7_30.txt	00743312	missing_condition_dir	/mnt/d/data/deepcad_v7_cond/00743312
src/brepnet/data/list/deduplicated_deepcad_training_7_30.txt	00743722	missing_condition_dir	/mnt/d/data/deepcad_v7_cond/00743722
src/brepnet/data/list/deduplicated_deepcad_training_7_30.txt	00745916	missing_condition_dir	/mnt/d/data/deepcad_v7_cond/00745916
src/brepnet/data/list/deduplicated_deepcad_training_7_30.txt	00746799	missing_condition_dir	/mnt/d/data/deepcad_v7_cond/00746799
src/brepnet/data/list/deduplicated_deepcad_training_7_30.txt	00746946	missing_condition_dir	/mnt/d/data/deepcad_v7_cond/00746946
src/brepnet/data/list/deduplicated_deepcad_training_7_30.txt	00748379	missing_condition_dir	/mnt/d/data/deepcad_v7_cond/00748379
src/brepnet/data/list/deduplicated_deepcad_training_7_30.txt	00749207	missing_condition_dir	/mnt/d/data/deepcad_v7_cond/00749207
src/brepnet/data/list/deduplicated_deepcad_training_7_30.txt	00749315	missing_condition_dir	/mnt/d/data/deepcad_v7_cond/00749315
src/brepnet/data/list/deduplicated_deepcad_training_7_30.txt	00755861	missing_condition_dir	/mnt/d/data/deepcad_v7_cond/00755861
src/brepnet/data/list/deduplicated_deepcad_training_7_30.txt	00758096	missing_condition_dir	/mnt/d/data/deepcad_v7_cond/00758096
src/brepnet/data/list/deduplicated_deepcad_training_7_30.txt	00761116	missing_condition_dir	/mnt/d/data/deepcad_v7_cond/00761116
src/brepnet/data/list/deduplicated_deepcad_training_7_30.txt	00761628	missing_condition_dir	/mnt/d/data/deepcad_v7_cond/00761628
src/brepnet/data/list/deduplicated_deepcad_training_7_30.txt	00762219	missing_condition_dir	/mnt/d/data/deepcad_v7_cond/00762219
src/brepnet/data/list/deduplicated_deepcad_training_7_30.txt	00766179	missing_condition_dir	/mnt/d/data/deepcad_v7_cond/00766179
src/brepnet/data/list/deduplicated_deepcad_training_7_30.txt	00769878	missing_condition_dir	/mnt/d/data/deepcad_v7_cond/00769878
src/brepnet/data/list/deduplicated_deepcad_training_7_30.txt	00771427	missing_condition_dir	/mnt/d/data/deepcad_v7_cond/00771427
src/brepnet/data/list/deduplicated_deepcad_training_7_30.txt	00771861	missing_condition_dir	/mnt/d/data/deepcad_v7_cond/00771861
src/brepnet/data/list/deduplicated_deepcad_training_7_30.txt	00773668	missing_condition_dir	/mnt/d/data/deepcad_v7_cond/00773668
src/brepnet/data/list/deduplicated_deepcad_training_7_30.txt	00776928	missing_condition_dir	/mnt/d/data/deepcad_v7_cond/00776928
src/brepnet/data/list/deduplicated_deepcad_training_7_30.txt	00778379	missing_condition_dir	/mnt/d/data/deepcad_v7_cond/00778379
src/brepnet/data/list/deduplicated_deepcad_training_7_30.txt	00779386	missing_condition_dir	/mnt/d/data/deepcad_v7_cond/00779386
src/brepnet/data/list/deduplicated_deepcad_training_7_30.txt	00782355	missing_condition_dir	/mnt/d/data/deepcad_v7_cond/00782355
src/brepnet/data/list/deduplicated_deepcad_training_7_30.txt	00783808	missing_condition_dir	/mnt/d/data/deepcad_v7_cond/00783808
src/brepnet/data/list/deduplicated_deepcad_training_7_30.txt	00787274	missing_condition_dir	/mnt/d/data/deepcad_v7_cond/00787274
src/brepnet/data/list/deduplicated_deepcad_training_7_30.txt	00787421	missing_condition_dir	/mnt/d/data/deepcad_v7_cond/00787421
src/brepnet/data/list/deduplicated_deepcad_training_7_30.txt	00787975	missing_condition_dir	/mnt/d/data/deepcad_v7_cond/00787975
src/brepnet/data/list/deduplicated_deepcad_training_7_30.txt	00788867	missing_condition_dir	/mnt/d/data/deepcad_v7_cond/00788867
src/brepnet/data/list/deduplicated_deepcad_training_7_30.txt	00790612	missing_condition_dir	/mnt/d/data/deepcad_v7_cond/00790612
src/brepnet/data/list/deduplicated_deepcad_training_7_30.txt	00792339	missing_condition_dir	/mnt/d/data/deepcad_v7_cond/00792339
src/brepnet/data/list/deduplicated_deepcad_training_7_30.txt	00793536	missing_condition_dir	/mnt/d/data/deepcad_v7_cond/00793536
src/brepnet/data/list/deduplicated_deepcad_training_7_30.txt	00794255	missing_condition_dir	/mnt/d/data/deepcad_v7_cond/00794255
src/brepnet/data/list/deduplicated_deepcad_training_7_30.txt	00795925	missing_condition_dir	/mnt/d/data/deepcad_v7_cond/00795925
src/brepnet/data/list/deduplicated_deepcad_training_7_30.txt	00797010	missing_condition_dir	/mnt/d/data/deepcad_v7_cond/00797010
src/brepnet/data/list/deduplicated_deepcad_training_7_30.txt	00799857	missing_condition_dir	/mnt/d/data/deepcad_v7_cond/00799857
src/brepnet/data/list/deduplicated_deepcad_training_7_30.txt	00800950	missing_condition_dir	/mnt/d/data/deepcad_v7_cond/00800950
src/brepnet/data/list/deduplicated_deepcad_training_7_30.txt	00801302	missing_condition_dir	/mnt/d/data/deepcad_v7_cond/00801302
src/brepnet/data/list/deduplicated_deepcad_training_7_30.txt	00807321	missing_condition_dir	/mnt/d/data/deepcad_v7_cond/00807321
src/brepnet/data/list/deduplicated_deepcad_training_7_30.txt	00808996	missing_condition_dir	/mnt/d/data/deepcad_v7_cond/00808996
src/brepnet/data/list/deduplicated_deepcad_training_7_30.txt	00810975	missing_condition_dir	/mnt/d/data/deepcad_v7_cond/00810975
src/brepnet/data/list/deduplicated_deepcad_training_7_30.txt	00811497	missing_condition_dir	/mnt/d/data/deepcad_v7_cond/00811497
src/brepnet/data/list/deduplicated_deepcad_training_7_30.txt	00815332	missing_condition_dir	/mnt/d/data/deepcad_v7_cond/00815332
src/brepnet/data/list/deduplicated_deepcad_training_7_30.txt	00816790	missing_condition_dir	/mnt/d/data/deepcad_v7_cond/00816790
src/brepnet/data/list/deduplicated_deepcad_training_7_30.txt	00817077	missing_condition_dir	/mnt/d/data/deepcad_v7_cond/00817077
src/brepnet/data/list/deduplicated_deepcad_training_7_30.txt	00817507	missing_condition_dir	/mnt/d/data/deepcad_v7_cond/00817507
src/brepnet/data/list/deduplicated_deepcad_training_7_30.txt	00820351	missing_condition_dir	/mnt/d/data/deepcad_v7_cond/00820351
src/brepnet/data/list/deduplicated_deepcad_training_7_30.txt	00820870	missing_condition_dir	/mnt/d/data/deepcad_v7_cond/00820870
src/brepnet/data/list/deduplicated_deepcad_training_7_30.txt	00826287	missing_condition_dir	/mnt/d/data/deepcad_v7_cond/00826287
src/brepnet/data/list/deduplicated_deepcad_training_7_30.txt	00827184	missing_condition_dir	/mnt/d/data/deepcad_v7_cond/00827184
src/brepnet/data/list/deduplicated_deepcad_training_7_30.txt	00827296	missing_condition_dir	/mnt/d/data/deepcad_v7_cond/00827296
src/brepnet/data/list/deduplicated_deepcad_training_7_30.txt	00829915	missing_condition_dir	/mnt/d/data/deepcad_v7_cond/00829915
src/brepnet/data/list/deduplicated_deepcad_training_7_30.txt	00831741	missing_condition_dir	/mnt/d/data/deepcad_v7_cond/00831741
src/brepnet/data/list/deduplicated_deepcad_training_7_30.txt	00831742	missing_condition_dir	/mnt/d/data/deepcad_v7_cond/00831742
src/brepnet/data/list/deduplicated_deepcad_training_7_30.txt	00832165	missing_condition_dir	/mnt/d/data/deepcad_v7_cond/00832165
src/brepnet/data/list/deduplicated_deepcad_training_7_30.txt	00832768	missing_condition_dir	/mnt/d/data/deepcad_v7_cond/00832768
src/brepnet/data/list/deduplicated_deepcad_training_7_30.txt	00835029	missing_condition_dir	/mnt/d/data/deepcad_v7_cond/00835029
src/brepnet/data/list/deduplicated_deepcad_training_7_30.txt	00839847	missing_condition_dir	/mnt/d/data/deepcad_v7_cond/00839847
src/brepnet/data/list/deduplicated_deepcad_training_7_30.txt	00840485	missing_condition_dir	/mnt/d/data/deepcad_v7_cond/00840485
src/brepnet/data/list/deduplicated_deepcad_training_7_30.txt	00841906	missing_condition_dir	/mnt/d/data/deepcad_v7_cond/00841906
src/brepnet/data/list/deduplicated_deepcad_training_7_30.txt	00845818	missing_condition_dir	/mnt/d/data/deepcad_v7_cond/00845818
src/brepnet/data/list/deduplicated_deepcad_training_7_30.txt	00847477	missing_condition_dir	/mnt/d/data/deepcad_v7_cond/00847477
src/brepnet/data/list/deduplicated_deepcad_training_7_30.txt	00848235	missing_condition_dir	/mnt/d/data/deepcad_v7_cond/00848235
src/brepnet/data/list/deduplicated_deepcad_training_7_30.txt	00848704	missing_condition_dir	/mnt/d/data/deepcad_v7_cond/00848704
src/brepnet/data/list/deduplicated_deepcad_training_7_30.txt	00849977	missing_condition_dir	/mnt/d/data/deepcad_v7_cond/00849977
src/brepnet/data/list/deduplicated_deepcad_training_7_30.txt	00850724	missing_condition_dir	/mnt/d/data/deepcad_v7_cond/00850724
src/brepnet/data/list/deduplicated_deepcad_training_7_30.txt	00851678	missing_condition_dir	/mnt/d/data/deepcad_v7_cond/00851678
src/brepnet/data/list/deduplicated_deepcad_training_7_30.txt	00852071	missing_condition_dir	/mnt/d/data/deepcad_v7_cond/00852071
src/brepnet/data/list/deduplicated_deepcad_training_7_30.txt	00852947	missing_condition_dir	/mnt/d/data/deepcad_v7_cond/00852947
src/brepnet/data/list/deduplicated_deepcad_training_7_30.txt	00853948	missing_condition_dir	/mnt/d/data/deepcad_v7_cond/00853948
src/brepnet/data/list/deduplicated_deepcad_training_7_30.txt	00854710	missing_condition_dir	/mnt/d/data/deepcad_v7_cond/00854710
src/brepnet/data/list/deduplicated_deepcad_training_7_30.txt	00855601	missing_condition_dir	/mnt/d/data/deepcad_v7_cond/00855601
src/brepnet/data/list/deduplicated_deepcad_training_7_30.txt	00857348	missing_condition_dir	/mnt/d/data/deepcad_v7_cond/00857348
src/brepnet/data/list/deduplicated_deepcad_training_7_30.txt	00859233	missing_condition_dir	/mnt/d/data/deepcad_v7_cond/00859233
src/brepnet/data/list/deduplicated_deepcad_training_7_30.txt	00861901	missing_condition_dir	/mnt/d/data/deepcad_v7_cond/00861901
src/brepnet/data/list/deduplicated_deepcad_training_7_30.txt	00862047	missing_condition_dir	/mnt/d/data/deepcad_v7_cond/00862047
src/brepnet/data/list/deduplicated_deepcad_training_7_30.txt	00870011	missing_condition_dir	/mnt/d/data/deepcad_v7_cond/00870011
src/brepnet/data/list/deduplicated_deepcad_training_7_30.txt	00872735	missing_condition_dir	/mnt/d/data/deepcad_v7_cond/00872735
src/brepnet/data/list/deduplicated_deepcad_training_7_30.txt	00874424	missing_condition_dir	/mnt/d/data/deepcad_v7_cond/00874424
src/brepnet/data/list/deduplicated_deepcad_training_7_30.txt	00874816	missing_condition_dir	/mnt/d/data/deepcad_v7_cond/00874816
src/brepnet/data/list/deduplicated_deepcad_training_7_30.txt	00876358	missing_condition_dir	/mnt/d/data/deepcad_v7_cond/00876358
src/brepnet/data/list/deduplicated_deepcad_training_7_30.txt	00876362	missing_condition_dir	/mnt/d/data/deepcad_v7_cond/00876362
src/brepnet/data/list/deduplicated_deepcad_training_7_30.txt	00877226	missing_condition_dir	/mnt/d/data/deepcad_v7_cond/00877226
src/brepnet/data/list/deduplicated_deepcad_training_7_30.txt	00883244	missing_condition_dir	/mnt/d/data/deepcad_v7_cond/00883244
src/brepnet/data/list/deduplicated_deepcad_training_7_30.txt	00885857	missing_condition_dir	/mnt/d/data/deepcad_v7_cond/00885857
src/brepnet/data/list/deduplicated_deepcad_training_7_30.txt	00888521	missing_condition_dir	/mnt/d/data/deepcad_v7_cond/00888521
src/brepnet/data/list/deduplicated_deepcad_training_7_30.txt	00889932	missing_condition_dir	/mnt/d/data/deepcad_v7_cond/00889932
src/brepnet/data/list/deduplicated_deepcad_training_7_30.txt	00892815	missing_condition_dir	/mnt/d/data/deepcad_v7_cond/00892815
src/brepnet/data/list/deduplicated_deepcad_training_7_30.txt	00893247	missing_condition_dir	/mnt/d/data/deepcad_v7_cond/00893247
src/brepnet/data/list/deduplicated_deepcad_training_7_30.txt	00894536	missing_condition_dir	/mnt/d/data/deepcad_v7_cond/00894536
src/brepnet/data/list/deduplicated_deepcad_training_7_30.txt	00895130	missing_condition_dir	/mnt/d/data/deepcad_v7_cond/00895130
src/brepnet/data/list/deduplicated_deepcad_training_7_30.txt	00896398	missing_condition_dir	/mnt/d/data/deepcad_v7_cond/00896398
src/brepnet/data/list/deduplicated_deepcad_training_7_30.txt	00900147	missing_condition_dir	/mnt/d/data/deepcad_v7_cond/00900147
src/brepnet/data/list/deduplicated_deepcad_training_7_30.txt	00901987	missing_condition_dir	/mnt/d/data/deepcad_v7_cond/00901987
src/brepnet/data/list/deduplicated_deepcad_training_7_30.txt	00904670	missing_condition_dir	/mnt/d/data/deepcad_v7_cond/00904670
src/brepnet/data/list/deduplicated_deepcad_training_7_30.txt	00906107	missing_condition_dir	/mnt/d/data/deepcad_v7_cond/00906107
src/brepnet/data/list/deduplicated_deepcad_training_7_30.txt	00906598	missing_condition_dir	/mnt/d/data/deepcad_v7_cond/00906598
src/brepnet/data/list/deduplicated_deepcad_training_7_30.txt	00906793	missing_condition_dir	/mnt/d/data/deepcad_v7_cond/00906793
src/brepnet/data/list/deduplicated_deepcad_training_7_30.txt	00908728	missing_condition_dir	/mnt/d/data/deepcad_v7_cond/00908728
src/brepnet/data/list/deduplicated_deepcad_training_7_30.txt	00912089	missing_condition_dir	/mnt/d/data/deepcad_v7_cond/00912089
src/brepnet/data/list/deduplicated_deepcad_training_7_30.txt	00918079	missing_condition_dir	/mnt/d/data/deepcad_v7_cond/00918079
src/brepnet/data/list/deduplicated_deepcad_training_7_30.txt	00920848	missing_condition_dir	/mnt/d/data/deepcad_v7_cond/00920848
src/brepnet/data/list/deduplicated_deepcad_training_7_30.txt	00922269	missing_condition_dir	/mnt/d/data/deepcad_v7_cond/00922269
src/brepnet/data/list/deduplicated_deepcad_training_7_30.txt	00926265	missing_condition_dir	/mnt/d/data/deepcad_v7_cond/00926265
src/brepnet/data/list/deduplicated_deepcad_training_7_30.txt	00938459	missing_condition_dir	/mnt/d/data/deepcad_v7_cond/00938459
src/brepnet/data/list/deduplicated_deepcad_training_7_30.txt	00941485	missing_condition_dir	/mnt/d/data/deepcad_v7_cond/00941485
src/brepnet/data/list/deduplicated_deepcad_training_7_30.txt	00942220	missing_condition_dir	/mnt/d/data/deepcad_v7_cond/00942220
src/brepnet/data/list/deduplicated_deepcad_training_7_30.txt	00944161	missing_condition_dir	/mnt/d/data/deepcad_v7_cond/00944161
src/brepnet/data/list/deduplicated_deepcad_training_7_30.txt	00944539	missing_condition_dir	/mnt/d/data/deepcad_v7_cond/00944539
src/brepnet/data/list/deduplicated_deepcad_training_7_30.txt	00944763	missing_condition_dir	/mnt/d/data/deepcad_v7_cond/00944763
src/brepnet/data/list/deduplicated_deepcad_training_7_30.txt	00947172	missing_condition_dir	/mnt/d/data/deepcad_v7_cond/00947172
src/brepnet/data/list/deduplicated_deepcad_training_7_30.txt	00948383	missing_condition_dir	/mnt/d/data/deepcad_v7_cond/00948383
src/brepnet/data/list/deduplicated_deepcad_training_7_30.txt	00949146	missing_condition_dir	/mnt/d/data/deepcad_v7_cond/00949146
src/brepnet/data/list/deduplicated_deepcad_training_7_30.txt	00949732	missing_condition_dir	/mnt/d/data/deepcad_v7_cond/00949732
src/brepnet/data/list/deduplicated_deepcad_training_7_30.txt	00949893	missing_condition_dir	/mnt/d/data/deepcad_v7_cond/00949893
src/brepnet/data/list/deduplicated_deepcad_training_7_30.txt	00952301	missing_condition_dir	/mnt/d/data/deepcad_v7_cond/00952301
src/brepnet/data/list/deduplicated_deepcad_training_7_30.txt	00954822	missing_condition_dir	/mnt/d/data/deepcad_v7_cond/00954822
src/brepnet/data/list/deduplicated_deepcad_training_7_30.txt	00958545	missing_condition_dir	/mnt/d/data/deepcad_v7_cond/00958545
src/brepnet/data/list/deduplicated_deepcad_training_7_30.txt	00959396	missing_condition_dir	/mnt/d/data/deepcad_v7_cond/00959396
src/brepnet/data/list/deduplicated_deepcad_training_7_30.txt	00965596	missing_condition_dir	/mnt/d/data/deepcad_v7_cond/00965596
src/brepnet/data/list/deduplicated_deepcad_training_7_30.txt	00965776	missing_condition_dir	/mnt/d/data/deepcad_v7_cond/00965776
src/brepnet/data/list/deduplicated_deepcad_training_7_30.txt	00966610	missing_condition_dir	/mnt/d/data/deepcad_v7_cond/00966610
src/brepnet/data/list/deduplicated_deepcad_training_7_30.txt	00969220	missing_condition_dir	/mnt/d/data/deepcad_v7_cond/00969220
src/brepnet/data/list/deduplicated_deepcad_training_7_30.txt	00969565	missing_condition_dir	/mnt/d/data/deepcad_v7_cond/00969565
src/brepnet/data/list/deduplicated_deepcad_training_7_30.txt	00971076	missing_condition_dir	/mnt/d/data/deepcad_v7_cond/00971076
src/brepnet/data/list/deduplicated_deepcad_training_7_30.txt	00971256	missing_condition_dir	/mnt/d/data/deepcad_v7_cond/00971256
src/brepnet/data/list/deduplicated_deepcad_training_7_30.txt	00971985	missing_condition_dir	/mnt/d/data/deepcad_v7_cond/00971985
src/brepnet/data/list/deduplicated_deepcad_training_7_30.txt	00973059	missing_condition_dir	/mnt/d/data/deepcad_v7_cond/00973059
src/brepnet/data/list/deduplicated_deepcad_training_7_30.txt	00975257	missing_condition_dir	/mnt/d/data/deepcad_v7_cond/00975257
src/brepnet/data/list/deduplicated_deepcad_training_7_30.txt	00980292	missing_condition_dir	/mnt/d/data/deepcad_v7_cond/00980292
src/brepnet/data/list/deduplicated_deepcad_training_7_30.txt	00981408	missing_condition_dir	/mnt/d/data/deepcad_v7_cond/00981408
src/brepnet/data/list/deduplicated_deepcad_training_7_30.txt	00981505	missing_condition_dir	/mnt/d/data/deepcad_v7_cond/00981505
src/brepnet/data/list/deduplicated_deepcad_training_7_30.txt	00982341	missing_condition_dir	/mnt/d/data/deepcad_v7_cond/00982341
src/brepnet/data/list/deduplicated_deepcad_training_7_30.txt	00982899	missing_condition_dir	/mnt/d/data/deepcad_v7_cond/00982899
src/brepnet/data/list/deduplicated_deepcad_training_7_30.txt	00984791	missing_condition_dir	/mnt/d/data/deepcad_v7_cond/00984791
src/brepnet/data/list/deduplicated_deepcad_training_7_30.txt	00985358	missing_condition_dir	/mnt/d/data/deepcad_v7_cond/00985358
src/brepnet/data/list/deduplicated_deepcad_training_7_30.txt	00985801	missing_condition_dir	/mnt/d/data/deepcad_v7_cond/00985801
src/brepnet/data/list/deduplicated_deepcad_training_7_30.txt	00993475	missing_condition_dir	/mnt/d/data/deepcad_v7_cond/00993475
src/brepnet/data/list/deduplicated_deepcad_training_7_30.txt	00996732	missing_condition_dir	/mnt/d/data/deepcad_v7_cond/00996732
src/brepnet/data/list/deduplicated_deepcad_training_7_30.txt	00997449	missing_condition_dir	/mnt/d/data/deepcad_v7_cond/00997449
src/brepnet/data/list/deduplicated_deepcad_training_7_30.txt	00998001	missing_condition_dir	/mnt/d/data/deepcad_v7_cond/00998001
src/brepnet/data/list/deduplicated_deepcad_validation_7_30.txt	00130163	missing_condition_dir	/mnt/d/data/deepcad_v7_cond/00130163
src/brepnet/data/list/deduplicated_deepcad_validation_7_30.txt	00189807	missing_condition_dir	/mnt/d/data/deepcad_v7_cond/00189807
src/brepnet/data/list/deduplicated_deepcad_validation_7_30.txt	00264679	missing_condition_dir	/mnt/d/data/deepcad_v7_cond/00264679
src/brepnet/data/list/deduplicated_deepcad_validation_7_30.txt	00288662	missing_condition_dir	/mnt/d/data/deepcad_v7_cond/00288662
src/brepnet/data/list/deduplicated_deepcad_validation_7_30.txt	00299399	missing_condition_dir	/mnt/d/data/deepcad_v7_cond/00299399
src/brepnet/data/list/deduplicated_deepcad_validation_7_30.txt	00309155	missing_condition_dir	/mnt/d/data/deepcad_v7_cond/00309155
src/brepnet/data/list/deduplicated_deepcad_validation_7_30.txt	00481365	missing_condition_dir	/mnt/d/data/deepcad_v7_cond/00481365
src/brepnet/data/list/deduplicated_deepcad_validation_7_30.txt	00533233	missing_condition_dir	/mnt/d/data/deepcad_v7_cond/00533233
src/brepnet/data/list/deduplicated_deepcad_validation_7_30.txt	00639391	missing_condition_dir	/mnt/d/data/deepcad_v7_cond/00639391
src/brepnet/data/list/deduplicated_deepcad_validation_7_30.txt	00752488	missing_condition_dir	/mnt/d/data/deepcad_v7_cond/00752488
src/brepnet/data/list/deduplicated_deepcad_validation_7_30.txt	00906369	missing_condition_dir	/mnt/d/data/deepcad_v7_cond/00906369
src/brepnet/data/list/deduplicated_deepcad_validation_7_30.txt	00925947	missing_condition_dir	/mnt/d/data/deepcad_v7_cond/00925947
