split	model_id	issue_codes
train	00000346	missing_condition_dir,missing_latent_dir
train	00003666	missing_condition_dir,missing_latent_dir
train	00010520	missing_condition_dir,missing_latent_dir
train	00010661	missing_condition_dir,missing_latent_dir
train	00016629	missing_condition_dir,missing_latent_dir
train	00016773	missing_condition_dir,missing_latent_dir
train	00017078	missing_condition_dir,missing_latent_dir
train	00017131	missing_condition_dir,missing_latent_dir
train	00017144	missing_condition_dir,missing_latent_dir
train	00017153	missing_condition_dir,missing_latent_dir
train	00017295	missing_condition_dir,missing_latent_dir
train	00022073	missing_condition_dir,missing_latent_dir
train	00023011	missing_condition_dir,missing_latent_dir
train	00026773	missing_condition_dir,missing_latent_dir
train	00026838	missing_condition_dir,missing_latent_dir
train	00026847	missing_condition_dir,missing_latent_dir
train	00027506	missing_condition_dir,missing_latent_dir
train	00032094	missing_condition_dir,missing_latent_dir
train	00033025	missing_condition_dir,missing_latent_dir
train	00033417	missing_condition_dir,missing_latent_dir
train	00034256	missing_condition_dir,missing_latent_dir
train	00035093	missing_condition_dir,missing_latent_dir
train	00036182	missing_condition_dir,missing_latent_dir
train	00036280	missing_condition_dir,missing_latent_dir
train	00036302	missing_condition_dir,missing_latent_dir
train	00036345	missing_condition_dir,missing_latent_dir
train	00037887	missing_condition_dir,missing_latent_dir
train	00039766	missing_condition_dir,missing_latent_dir
train	00039888	missing_condition_dir,missing_latent_dir
train	00039900	missing_condition_dir,missing_latent_dir
train	00045387	missing_condition_dir,missing_latent_dir
train	00047993	missing_condition_dir,missing_latent_dir
train	00052979	missing_condition_dir,missing_latent_dir
train	00053715	missing_condition_dir,missing_latent_dir
train	00054437	missing_condition_dir,missing_latent_dir
train	00055997	missing_condition_dir,missing_latent_dir
train	00059386	missing_condition_dir,missing_latent_dir
train	00062368	missing_condition_dir,missing_latent_dir
train	00062718	missing_condition_dir,missing_latent_dir
train	00064185	missing_condition_dir,missing_latent_dir
train	00068478	missing_condition_dir,missing_latent_dir
train	00074865	missing_condition_dir,missing_latent_dir
train	00078397	missing_condition_dir,missing_latent_dir
train	00079331	missing_condition_dir,missing_latent_dir
train	00079422	missing_condition_dir,missing_latent_dir
train	00079741	missing_condition_dir,missing_latent_dir
train	00081382	missing_condition_dir,missing_latent_dir
train	00081563	missing_condition_dir,missing_latent_dir
train	00082947	missing_condition_dir,missing_latent_dir
train	00088480	missing_condition_dir,missing_latent_dir
train	00089283	missing_condition_dir,missing_latent_dir
train	00091476	missing_condition_dir,missing_latent_dir
train	00092278	missing_condition_dir,missing_latent_dir
train	00092595	missing_condition_dir,missing_latent_dir
train	00093606	missing_condition_dir,missing_latent_dir
train	00093790	missing_condition_dir,missing_latent_dir
train	00093896	missing_condition_dir,missing_latent_dir
train	00094435	missing_condition_dir,missing_latent_dir
train	00096579	missing_condition_dir,missing_latent_dir
train	00096761	missing_condition_dir,missing_latent_dir
train	00098168	missing_condition_dir,missing_latent_dir
train	00101304	missing_condition_dir,missing_latent_dir
train	00104348	missing_condition_dir,missing_latent_dir
train	00105065	missing_condition_dir,missing_latent_dir
train	00105352	missing_condition_dir,missing_latent_dir
train	00107723	missing_condition_dir,missing_latent_dir
train	00109863	missing_condition_dir,missing_latent_dir
train	00112017	missing_condition_dir,missing_latent_dir
train	00115165	missing_condition_dir,missing_latent_dir
train	00115251	missing_condition_dir,missing_latent_dir
train	00116137	missing_condition_dir,missing_latent_dir
train	00117333	missing_condition_dir,missing_latent_dir
train	00118233	missing_condition_dir,missing_latent_dir
train	00123728	missing_condition_dir,missing_latent_dir
train	00125076	missing_condition_dir,missing_latent_dir
train	00128609	missing_condition_dir,missing_latent_dir
train	00133526	missing_condition_dir,missing_latent_dir
train	00133903	missing_condition_dir,missing_latent_dir
train	00134312	missing_condition_dir,missing_latent_dir
train	00135514	missing_condition_dir,missing_latent_dir
train	00136913	missing_condition_dir,missing_latent_dir
train	00138637	missing_condition_dir,missing_latent_dir
train	00147448	missing_condition_dir,missing_latent_dir
train	00150692	missing_condition_dir,missing_latent_dir
train	00152486	missing_condition_dir,missing_latent_dir
train	00153681	missing_condition_dir,missing_latent_dir
train	00155453	missing_condition_dir,missing_latent_dir
train	00159715	missing_condition_dir,missing_latent_dir
train	00162714	missing_condition_dir,missing_latent_dir
train	00164286	missing_condition_dir,missing_latent_dir
train	00164767	missing_condition_dir,missing_latent_dir
train	00165819	missing_condition_dir,missing_latent_dir
train	00166492	missing_condition_dir,missing_latent_dir
train	00168334	missing_condition_dir,missing_latent_dir
train	00168348	missing_condition_dir,missing_latent_dir
train	00171037	missing_condition_dir,missing_latent_dir
train	00172417	missing_condition_dir,missing_latent_dir
train	00173359	missing_condition_dir,missing_latent_dir
train	00173822	missing_condition_dir,missing_latent_dir
train	00174247	missing_condition_dir,missing_latent_dir
train	00174708	missing_condition_dir,missing_latent_dir
train	00176143	missing_condition_dir,missing_latent_dir
train	00177687	missing_condition_dir,missing_latent_dir
train	00178084	missing_condition_dir,missing_latent_dir
train	00178585	missing_condition_dir,missing_latent_dir
train	00178800	missing_condition_dir,missing_latent_dir
train	00180165	missing_condition_dir,missing_latent_dir
train	00180599	missing_condition_dir,missing_latent_dir
train	00181724	missing_condition_dir,missing_latent_dir
train	00182073	missing_condition_dir,missing_latent_dir
train	00182536	missing_condition_dir,missing_latent_dir
train	00182742	missing_condition_dir,missing_latent_dir
train	00183450	missing_condition_dir,missing_latent_dir
train	00183902	missing_condition_dir,missing_latent_dir
train	00184074	missing_condition_dir,missing_latent_dir
train	00184080	missing_condition_dir,missing_latent_dir
train	00189806	missing_condition_dir,missing_latent_dir
train	00191110	missing_condition_dir,missing_latent_dir
train	00191389	missing_condition_dir,missing_latent_dir
train	00191703	missing_condition_dir,missing_latent_dir
train	00193419	missing_condition_dir,missing_latent_dir
train	00194199	missing_condition_dir,missing_latent_dir
train	00194450	missing_condition_dir,missing_latent_dir
train	00196070	missing_condition_dir,missing_latent_dir
train	00196403	missing_condition_dir,missing_latent_dir
train	00199689	missing_condition_dir,missing_latent_dir
train	00200085	missing_condition_dir,missing_latent_dir
train	00200341	missing_condition_dir,missing_latent_dir
train	00201539	missing_condition_dir,missing_latent_dir
train	00208225	missing_condition_dir,missing_latent_dir
train	00208619	missing_condition_dir,missing_latent_dir
train	00208774	missing_condition_dir,missing_latent_dir
train	00209413	missing_condition_dir,missing_latent_dir
train	00210938	missing_condition_dir,missing_latent_dir
train	00211373	missing_condition_dir,missing_latent_dir
train	00212092	missing_condition_dir,missing_latent_dir
train	00212654	missing_condition_dir,missing_latent_dir
train	00215648	missing_condition_dir,missing_latent_dir
train	00216313	missing_condition_dir,missing_latent_dir
train	00216498	missing_condition_dir,missing_latent_dir
train	00217987	missing_condition_dir,missing_latent_dir
train	00219747	missing_condition_dir,missing_latent_dir
train	00219873	missing_condition_dir,missing_latent_dir
train	00219905	missing_condition_dir,missing_latent_dir
train	00220804	missing_condition_dir,missing_latent_dir
train	00221043	missing_condition_dir,missing_latent_dir
train	00223167	missing_condition_dir,missing_latent_dir
train	00227198	missing_condition_dir,missing_latent_dir
train	00227206	missing_condition_dir,missing_latent_dir
train	00227589	missing_condition_dir,missing_latent_dir
train	00230502	missing_condition_dir,missing_latent_dir
train	00231163	missing_condition_dir,missing_latent_dir
train	00231914	missing_condition_dir,missing_latent_dir
train	00232505	missing_condition_dir,missing_latent_dir
train	00232553	missing_condition_dir,missing_latent_dir
train	00237720	missing_condition_dir,missing_latent_dir
train	00238018	missing_condition_dir,missing_latent_dir
train	00241763	missing_condition_dir,missing_latent_dir
train	00242121	missing_condition_dir,missing_latent_dir
train	00242841	missing_condition_dir,missing_latent_dir
train	00246183	missing_condition_dir,missing_latent_dir
train	00246417	missing_condition_dir,missing_latent_dir
train	00247277	missing_condition_dir,missing_latent_dir
train	00247524	missing_condition_dir,missing_latent_dir
train	00250321	missing_condition_dir,missing_latent_dir
train	00250749	missing_condition_dir,missing_latent_dir
train	00252831	missing_condition_dir,missing_latent_dir
train	00254167	missing_condition_dir,missing_latent_dir
train	00256615	missing_condition_dir,missing_latent_dir
train	00263026	missing_condition_dir,missing_latent_dir
train	00263945	missing_condition_dir,missing_latent_dir
train	00263984	missing_condition_dir,missing_latent_dir
train	00265399	missing_condition_dir,missing_latent_dir
train	00270782	missing_condition_dir,missing_latent_dir
train	00270826	missing_condition_dir,missing_latent_dir
train	00271012	missing_condition_dir,missing_latent_dir
train	00271237	missing_condition_dir,missing_latent_dir
train	00271325	missing_condition_dir,missing_latent_dir
train	00272006	missing_condition_dir,missing_latent_dir
train	00273176	missing_condition_dir,missing_latent_dir
train	00273687	missing_condition_dir,missing_latent_dir
train	00274627	missing_condition_dir,missing_latent_dir
train	00275154	missing_condition_dir,missing_latent_dir
train	00276263	missing_condition_dir,missing_latent_dir
train	00276904	missing_condition_dir,missing_latent_dir
train	00278062	missing_condition_dir,missing_latent_dir
train	00278670	missing_condition_dir,missing_latent_dir
train	00281353	missing_condition_dir,missing_latent_dir
train	00281863	missing_condition_dir,missing_latent_dir
train	00282314	missing_condition_dir,missing_latent_dir
train	00284215	missing_condition_dir,missing_latent_dir
train	00284687	missing_condition_dir,missing_latent_dir
train	00285719	missing_condition_dir,missing_latent_dir
train	00285735	missing_condition_dir,missing_latent_dir
train	00288875	missing_condition_dir,missing_latent_dir
train	00290656	missing_condition_dir,missing_latent_dir
train	00293761	missing_condition_dir,missing_latent_dir
train	00294789	missing_condition_dir,missing_latent_dir
train	00296001	missing_condition_dir,missing_latent_dir
train	00296154	missing_condition_dir,missing_latent_dir
train	00297937	missing_condition_dir,missing_latent_dir
train	00299973	missing_condition_dir,missing_latent_dir
train	00300036	missing_condition_dir,missing_latent_dir
train	00301872	missing_condition_dir,missing_latent_dir
train	00302201	missing_condition_dir,missing_latent_dir
train	00304500	missing_condition_dir,missing_latent_dir
train	00306058	missing_condition_dir,missing_latent_dir
train	00308293	missing_condition_dir,missing_latent_dir
train	00308439	missing_condition_dir,missing_latent_dir
train	00309152	missing_condition_dir,missing_latent_dir
train	00309154	missing_condition_dir,missing_latent_dir
train	00309499	missing_condition_dir,missing_latent_dir
train	00309795	missing_condition_dir,missing_latent_dir
train	00313109	missing_condition_dir,missing_latent_dir
train	00313351	missing_condition_dir,missing_latent_dir
train	00313423	missing_condition_dir,missing_latent_dir
train	00314581	missing_condition_dir,missing_latent_dir
train	00316325	missing_condition_dir,missing_latent_dir
train	00316985	missing_condition_dir,missing_latent_dir
train	00317376	missing_condition_dir,missing_latent_dir
train	00320450	missing_condition_dir,missing_latent_dir
train	00321335	missing_condition_dir,missing_latent_dir
train	00321866	missing_condition_dir,missing_latent_dir
train	00323032	missing_condition_dir,missing_latent_dir
train	00323887	missing_condition_dir,missing_latent_dir
train	00325256	missing_condition_dir,missing_latent_dir
train	00326637	missing_condition_dir,missing_latent_dir
train	00328663	missing_condition_dir,missing_latent_dir
train	00332164	missing_condition_dir,missing_latent_dir
train	00335790	missing_condition_dir,missing_latent_dir
train	00336672	missing_condition_dir,missing_latent_dir
train	00337965	missing_condition_dir,missing_latent_dir
train	00340167	missing_condition_dir,missing_latent_dir
train	00340415	missing_condition_dir,missing_latent_dir
train	00341308	missing_condition_dir,missing_latent_dir
train	00342693	missing_condition_dir,missing_latent_dir
train	00344562	missing_condition_dir,missing_latent_dir
train	00344695	missing_condition_dir,missing_latent_dir
train	00344857	missing_condition_dir,missing_latent_dir
train	00347097	missing_condition_dir,missing_latent_dir
train	00349326	missing_condition_dir,missing_latent_dir
train	00349912	missing_condition_dir,missing_latent_dir
train	00350598	missing_condition_dir,missing_latent_dir
train	00350811	missing_condition_dir,missing_latent_dir
train	00351311	missing_condition_dir,missing_latent_dir
train	00353551	missing_condition_dir,missing_latent_dir
train	00353594	missing_condition_dir,missing_latent_dir
train	00353687	missing_condition_dir,missing_latent_dir
train	00354018	missing_condition_dir,missing_latent_dir
train	00355527	missing_condition_dir,missing_latent_dir
train	00356113	missing_condition_dir,missing_latent_dir
train	00356443	missing_condition_dir,missing_latent_dir
train	00357504	missing_condition_dir,missing_latent_dir
train	00358331	missing_condition_dir,missing_latent_dir
train	00359096	missing_condition_dir,missing_latent_dir
train	00359097	missing_condition_dir,missing_latent_dir
train	00359120	missing_condition_dir,missing_latent_dir
train	00359894	missing_condition_dir,missing_latent_dir
train	00361026	missing_condition_dir,missing_latent_dir
train	00361088	missing_condition_dir,missing_latent_dir
train	00365505	missing_condition_dir,missing_latent_dir
train	00366338	missing_condition_dir,missing_latent_dir
train	00366363	missing_condition_dir,missing_latent_dir
train	00366639	missing_condition_dir,missing_latent_dir
train	00367982	missing_condition_dir,missing_latent_dir
train	00372279	missing_condition_dir,missing_latent_dir
train	00372283	missing_condition_dir,missing_latent_dir
train	00372974	missing_condition_dir,missing_latent_dir
train	00374789	missing_condition_dir,missing_latent_dir
train	00374910	missing_condition_dir,missing_latent_dir
train	00385173	missing_condition_dir,missing_latent_dir
train	00386694	missing_condition_dir,missing_latent_dir
train	00387302	missing_condition_dir,missing_latent_dir
train	00388843	missing_condition_dir,missing_latent_dir
train	00389392	missing_condition_dir,missing_latent_dir
train	00392373	missing_condition_dir,missing_latent_dir
train	00392945	missing_condition_dir,missing_latent_dir
train	00395323	missing_condition_dir,missing_latent_dir
train	00395913	missing_condition_dir,missing_latent_dir
train	00396610	missing_condition_dir,missing_latent_dir
train	00396697	missing_condition_dir,missing_latent_dir
train	00397801	missing_condition_dir,missing_latent_dir
train	00402846	missing_condition_dir,missing_latent_dir
train	00402880	missing_condition_dir,missing_latent_dir
train	00407482	missing_condition_dir,missing_latent_dir
train	00408502	missing_condition_dir,missing_latent_dir
train	00414048	missing_condition_dir,missing_latent_dir
train	00415018	missing_condition_dir,missing_latent_dir
train	00418437	missing_condition_dir,missing_latent_dir
train	00419378	missing_condition_dir,missing_latent_dir
train	00421334	missing_condition_dir,missing_latent_dir
train	00421709	missing_condition_dir,missing_latent_dir
train	00421747	missing_condition_dir,missing_latent_dir
train	00422213	missing_condition_dir,missing_latent_dir
train	00425284	missing_condition_dir,missing_latent_dir
train	00426944	missing_condition_dir,missing_latent_dir
train	00431995	missing_condition_dir,missing_latent_dir
train	00433406	missing_condition_dir,missing_latent_dir
train	00433777	missing_condition_dir,missing_latent_dir
train	00434120	missing_condition_dir,missing_latent_dir
train	00435928	missing_condition_dir,missing_latent_dir
train	00437821	missing_condition_dir,missing_latent_dir
train	00439395	missing_condition_dir,missing_latent_dir
train	00440266	missing_condition_dir,missing_latent_dir
train	00440957	missing_condition_dir,missing_latent_dir
train	00441717	missing_condition_dir,missing_latent_dir
train	00443188	missing_condition_dir,missing_latent_dir
train	00443586	missing_condition_dir,missing_latent_dir
train	00445312	missing_condition_dir,missing_latent_dir
train	00446488	missing_condition_dir,missing_latent_dir
train	00453099	missing_condition_dir,missing_latent_dir
train	00453961	missing_condition_dir,missing_latent_dir
train	00456446	missing_condition_dir,missing_latent_dir
train	00456870	missing_condition_dir,missing_latent_dir
train	00460119	missing_condition_dir,missing_latent_dir
train	00460761	missing_condition_dir,missing_latent_dir
train	00462281	missing_condition_dir,missing_latent_dir
train	00463818	missing_condition_dir,missing_latent_dir
train	00465893	missing_condition_dir,missing_latent_dir
train	00466313	missing_condition_dir,missing_latent_dir
train	00469575	missing_condition_dir,missing_latent_dir
train	00473677	missing_condition_dir,missing_latent_dir
train	00474048	missing_condition_dir,missing_latent_dir
train	00474297	missing_condition_dir,missing_latent_dir
train	00474767	missing_condition_dir,missing_latent_dir
train	00477800	missing_condition_dir,missing_latent_dir
train	00479917	missing_condition_dir,missing_latent_dir
train	00484425	missing_condition_dir,missing_latent_dir
train	00484853	missing_condition_dir,missing_latent_dir
train	00485255	missing_condition_dir,missing_latent_dir
train	00485950	missing_condition_dir,missing_latent_dir
train	00486203	missing_condition_dir,missing_latent_dir
train	00486227	missing_condition_dir,missing_latent_dir
train	00486341	missing_condition_dir,missing_latent_dir
train	00486544	missing_condition_dir,missing_latent_dir
train	00486752	missing_condition_dir,missing_latent_dir
train	00487083	missing_condition_dir,missing_latent_dir
train	00489365	missing_condition_dir,missing_latent_dir
train	00489533	missing_condition_dir,missing_latent_dir
train	00489618	missing_condition_dir,missing_latent_dir
train	00489903	missing_condition_dir,missing_latent_dir
train	00493123	missing_condition_dir,missing_latent_dir
train	00493162	missing_condition_dir,missing_latent_dir
train	00493387	missing_condition_dir,missing_latent_dir
train	00494392	missing_condition_dir,missing_latent_dir
train	00495070	missing_condition_dir,missing_latent_dir
train	00497444	missing_condition_dir,missing_latent_dir
train	00499383	missing_condition_dir,missing_latent_dir
train	00500010	missing_condition_dir,missing_latent_dir
train	00500324	missing_condition_dir,missing_latent_dir
train	00501161	missing_condition_dir,missing_latent_dir
train	00502826	missing_condition_dir,missing_latent_dir
train	00503209	missing_condition_dir,missing_latent_dir
train	00503247	missing_condition_dir,missing_latent_dir
train	00505074	missing_condition_dir,missing_latent_dir
train	00507915	missing_condition_dir,missing_latent_dir
train	00508388	missing_condition_dir,missing_latent_dir
train	00510852	missing_condition_dir,missing_latent_dir
train	00511671	missing_condition_dir,missing_latent_dir
train	00515350	missing_condition_dir,missing_latent_dir
train	00516984	missing_condition_dir,missing_latent_dir
train	00517409	missing_condition_dir,missing_latent_dir
train	00519021	missing_condition_dir,missing_latent_dir
train	00520728	missing_condition_dir,missing_latent_dir
train	00522207	missing_condition_dir,missing_latent_dir
train	00522403	missing_condition_dir,missing_latent_dir
train	00524517	missing_condition_dir,missing_latent_dir
train	00525767	missing_condition_dir,missing_latent_dir
train	00526079	missing_condition_dir,missing_latent_dir
train	00527804	missing_condition_dir,missing_latent_dir
train	00528213	missing_condition_dir,missing_latent_dir
train	00528443	missing_condition_dir,missing_latent_dir
train	00530302	missing_condition_dir,missing_latent_dir
train	00530422	missing_condition_dir,missing_latent_dir
train	00533394	missing_condition_dir,missing_latent_dir
train	00533409	missing_condition_dir,missing_latent_dir
train	00533999	missing_condition_dir,missing_latent_dir
train	00535293	missing_condition_dir,missing_latent_dir
train	00535567	missing_condition_dir,missing_latent_dir
train	00535705	missing_condition_dir,missing_latent_dir
train	00536627	missing_condition_dir,missing_latent_dir
train	00536672	missing_condition_dir,missing_latent_dir
train	00537645	missing_condition_dir,missing_latent_dir
train	00540526	missing_condition_dir,missing_latent_dir
train	00543242	missing_condition_dir,missing_latent_dir
train	00548550	missing_condition_dir,missing_latent_dir
train	00551490	missing_condition_dir,missing_latent_dir
train	00553278	missing_condition_dir,missing_latent_dir
train	00558690	missing_condition_dir,missing_latent_dir
train	00559221	missing_condition_dir,missing_latent_dir
train	00559351	missing_condition_dir,missing_latent_dir
train	00559591	missing_condition_dir,missing_latent_dir
train	00560436	missing_condition_dir,missing_latent_dir
train	00560923	missing_condition_dir,missing_latent_dir
train	00561532	missing_condition_dir,missing_latent_dir
train	00561768	missing_condition_dir,missing_latent_dir
train	00561915	missing_condition_dir,missing_latent_dir
train	00562166	missing_condition_dir,missing_latent_dir
train	00565031	missing_condition_dir,missing_latent_dir
train	00566370	missing_condition_dir,missing_latent_dir
train	00567634	missing_condition_dir,missing_latent_dir
train	00568947	missing_condition_dir,missing_latent_dir
train	00571083	missing_condition_dir,missing_latent_dir
train	00572222	missing_condition_dir,missing_latent_dir
train	00575815	missing_condition_dir,missing_latent_dir
train	00576430	missing_condition_dir,missing_latent_dir
train	00577207	missing_condition_dir,missing_latent_dir
train	00577462	missing_condition_dir,missing_latent_dir
train	00578205	missing_condition_dir,missing_latent_dir
train	00582191	missing_condition_dir,missing_latent_dir
train	00584416	missing_condition_dir,missing_latent_dir
train	00584900	missing_condition_dir,missing_latent_dir
train	00585596	missing_condition_dir,missing_latent_dir
train	00585760	missing_condition_dir,missing_latent_dir
train	00588304	missing_condition_dir,missing_latent_dir
train	00588357	missing_condition_dir,missing_latent_dir
train	00588935	missing_condition_dir,missing_latent_dir
train	00589983	missing_condition_dir,missing_latent_dir
train	00590053	missing_condition_dir,missing_latent_dir
train	00590215	missing_condition_dir,missing_latent_dir
train	00590368	missing_condition_dir,missing_latent_dir
train	00590412	missing_condition_dir,missing_latent_dir
train	00591866	missing_condition_dir,missing_latent_dir
train	00595308	missing_condition_dir,missing_latent_dir
train	00596664	missing_condition_dir,missing_latent_dir
train	00598016	missing_condition_dir,missing_latent_dir
train	00598843	missing_condition_dir,missing_latent_dir
train	00601935	missing_condition_dir,missing_latent_dir
train	00601993	missing_condition_dir,missing_latent_dir
train	00602717	missing_condition_dir,missing_latent_dir
train	00604151	missing_condition_dir,missing_latent_dir
train	00606004	missing_condition_dir,missing_latent_dir
train	00608038	missing_condition_dir,missing_latent_dir
train	00608783	missing_condition_dir,missing_latent_dir
train	00611880	missing_condition_dir,missing_latent_dir
train	00613883	missing_condition_dir,missing_latent_dir
train	00617707	missing_condition_dir,missing_latent_dir
train	00619347	missing_condition_dir,missing_latent_dir
train	00620324	missing_condition_dir,missing_latent_dir
train	00621076	missing_condition_dir,missing_latent_dir
train	00623554	missing_condition_dir,missing_latent_dir
train	00623695	missing_condition_dir,missing_latent_dir
train	00625359	missing_condition_dir,missing_latent_dir
train	00629603	missing_condition_dir,missing_latent_dir
train	00629992	missing_condition_dir,missing_latent_dir
train	00630926	missing_condition_dir,missing_latent_dir
train	00631758	missing_condition_dir,missing_latent_dir
train	00632416	missing_condition_dir,missing_latent_dir
train	00635239	missing_condition_dir,missing_latent_dir
train	00636805	missing_condition_dir,missing_latent_dir
train	00637581	missing_condition_dir,missing_latent_dir
train	00637700	missing_condition_dir,missing_latent_dir
train	00638440	missing_condition_dir,missing_latent_dir
train	00640124	missing_condition_dir,missing_latent_dir
train	00640371	missing_condition_dir,missing_latent_dir
train	00640533	missing_condition_dir,missing_latent_dir
train	00640586	missing_condition_dir,missing_latent_dir
train	00640654	missing_condition_dir,missing_latent_dir
train	00641887	missing_condition_dir,missing_latent_dir
train	00646267	missing_condition_dir,missing_latent_dir
train	00652682	missing_condition_dir,missing_latent_dir
train	00657635	missing_condition_dir,missing_latent_dir
train	00659557	missing_condition_dir,missing_latent_dir
train	00659846	missing_condition_dir,missing_latent_dir
train	00663254	missing_condition_dir,missing_latent_dir
train	00663587	missing_condition_dir,missing_latent_dir
train	00664996	missing_condition_dir,missing_latent_dir
train	00668536	missing_condition_dir,missing_latent_dir
train	00668706	missing_condition_dir,missing_latent_dir
train	00668864	missing_condition_dir,missing_latent_dir
train	00668933	missing_condition_dir,missing_latent_dir
train	00670257	missing_condition_dir,missing_latent_dir
train	00673314	missing_condition_dir,missing_latent_dir
train	00674228	missing_condition_dir,missing_latent_dir
train	00676171	missing_condition_dir,missing_latent_dir
train	00678098	missing_condition_dir,missing_latent_dir
train	00678995	missing_condition_dir,missing_latent_dir
train	00683668	missing_condition_dir,missing_latent_dir
train	00685569	missing_condition_dir,missing_latent_dir
train	00687016	missing_condition_dir,missing_latent_dir
train	00693418	missing_condition_dir,missing_latent_dir
train	00693903	missing_condition_dir,missing_latent_dir
train	00693927	missing_condition_dir,missing_latent_dir
train	00695053	missing_condition_dir,missing_latent_dir
train	00697184	missing_condition_dir,missing_latent_dir
train	00697486	missing_condition_dir,missing_latent_dir
train	00698289	missing_condition_dir,missing_latent_dir
train	00699413	missing_condition_dir,missing_latent_dir
train	00699902	missing_condition_dir,missing_latent_dir
train	00701017	missing_condition_dir,missing_latent_dir
train	00702837	missing_condition_dir,missing_latent_dir
train	00705252	missing_condition_dir,missing_latent_dir
train	00705643	missing_condition_dir,missing_latent_dir
train	00708580	missing_condition_dir,missing_latent_dir
train	00709254	missing_condition_dir,missing_latent_dir
train	00710920	missing_condition_dir,missing_latent_dir
train	00711793	missing_condition_dir,missing_latent_dir
train	00715006	missing_condition_dir,missing_latent_dir
train	00715597	missing_condition_dir,missing_latent_dir
train	00716108	missing_condition_dir,missing_latent_dir
train	00716725	missing_condition_dir,missing_latent_dir
train	00718242	missing_condition_dir,missing_latent_dir
train	00718993	missing_condition_dir,missing_latent_dir
train	00719293	missing_condition_dir,missing_latent_dir
train	00719335	missing_condition_dir,missing_latent_dir
train	00721230	missing_condition_dir,missing_latent_dir
train	00721231	missing_condition_dir,missing_latent_dir
train	00721742	missing_condition_dir,missing_latent_dir
train	00722743	missing_condition_dir,missing_latent_dir
train	00727914	missing_condition_dir,missing_latent_dir
train	00730350	missing_condition_dir,missing_latent_dir
train	00735361	missing_condition_dir,missing_latent_dir
train	00735931	missing_condition_dir,missing_latent_dir
train	00736567	missing_condition_dir,missing_latent_dir
train	00736844	missing_condition_dir,missing_latent_dir
train	00738643	missing_condition_dir,missing_latent_dir
train	00738793	missing_condition_dir,missing_latent_dir
train	00742180	missing_condition_dir,missing_latent_dir
train	00743312	missing_condition_dir,missing_latent_dir
train	00743722	missing_condition_dir,missing_latent_dir
train	00745916	missing_condition_dir,missing_latent_dir
train	00746799	missing_condition_dir,missing_latent_dir
train	00746946	missing_condition_dir,missing_latent_dir
train	00748379	missing_condition_dir,missing_latent_dir
train	00749207	missing_condition_dir,missing_latent_dir
train	00749315	missing_condition_dir,missing_latent_dir
train	00755861	missing_condition_dir,missing_latent_dir
train	00758096	missing_condition_dir,missing_latent_dir
train	00761116	missing_condition_dir,missing_latent_dir
train	00761628	missing_condition_dir,missing_latent_dir
train	00762219	missing_condition_dir,missing_latent_dir
train	00766179	missing_condition_dir,missing_latent_dir
train	00769878	missing_condition_dir,missing_latent_dir
train	00771427	missing_condition_dir,missing_latent_dir
train	00771861	missing_condition_dir,missing_latent_dir
train	00773668	missing_condition_dir,missing_latent_dir
train	00776928	missing_condition_dir,missing_latent_dir
train	00778379	missing_condition_dir,missing_latent_dir
train	00779386	missing_condition_dir,missing_latent_dir
train	00782355	missing_condition_dir,missing_latent_dir
train	00783808	missing_condition_dir,missing_latent_dir
train	00787274	missing_condition_dir,missing_latent_dir
train	00787421	missing_condition_dir,missing_latent_dir
train	00787975	missing_condition_dir,missing_latent_dir
train	00788867	missing_condition_dir,missing_latent_dir
train	00790612	missing_condition_dir,missing_latent_dir
train	00792339	missing_condition_dir,missing_latent_dir
train	00793536	missing_condition_dir,missing_latent_dir
train	00794255	missing_condition_dir,missing_latent_dir
train	00795925	missing_condition_dir,missing_latent_dir
train	00797010	missing_condition_dir,missing_latent_dir
train	00799857	missing_condition_dir,missing_latent_dir
train	00800950	missing_condition_dir,missing_latent_dir
train	00801302	missing_condition_dir,missing_latent_dir
train	00807321	missing_condition_dir,missing_latent_dir
train	00808996	missing_condition_dir,missing_latent_dir
train	00810975	missing_condition_dir,missing_latent_dir
train	00811497	missing_condition_dir,missing_latent_dir
train	00815332	missing_condition_dir,missing_latent_dir
train	00816790	missing_condition_dir,missing_latent_dir
train	00817077	missing_condition_dir,missing_latent_dir
train	00817507	missing_condition_dir,missing_latent_dir
train	00820351	missing_condition_dir,missing_latent_dir
train	00820870	missing_condition_dir,missing_latent_dir
train	00826287	missing_condition_dir,missing_latent_dir
train	00827184	missing_condition_dir,missing_latent_dir
train	00827296	missing_condition_dir,missing_latent_dir
train	00829915	missing_condition_dir,missing_latent_dir
train	00831741	missing_condition_dir,missing_latent_dir
train	00831742	missing_condition_dir,missing_latent_dir
train	00832165	missing_condition_dir,missing_latent_dir
train	00832768	missing_condition_dir,missing_latent_dir
train	00835029	missing_condition_dir,missing_latent_dir
train	00839847	missing_condition_dir,missing_latent_dir
train	00840485	missing_condition_dir,missing_latent_dir
train	00841906	missing_condition_dir,missing_latent_dir
train	00845818	missing_condition_dir,missing_latent_dir
train	00847477	missing_condition_dir,missing_latent_dir
train	00848235	missing_condition_dir,missing_latent_dir
train	00848704	missing_condition_dir,missing_latent_dir
train	00849977	missing_condition_dir,missing_latent_dir
train	00850724	missing_condition_dir,missing_latent_dir
train	00851678	missing_condition_dir,missing_latent_dir
train	00852071	missing_condition_dir,missing_latent_dir
train	00852947	missing_condition_dir,missing_latent_dir
train	00853948	missing_condition_dir,missing_latent_dir
train	00854710	missing_condition_dir,missing_latent_dir
train	00855601	missing_condition_dir,missing_latent_dir
train	00857348	missing_condition_dir,missing_latent_dir
train	00859233	missing_condition_dir,missing_latent_dir
train	00861901	missing_condition_dir,missing_latent_dir
train	00862047	missing_condition_dir,missing_latent_dir
train	00870011	missing_condition_dir,missing_latent_dir
train	00872735	missing_condition_dir,missing_latent_dir
train	00874424	missing_condition_dir,missing_latent_dir
train	00874816	missing_condition_dir,missing_latent_dir
train	00876358	missing_condition_dir,missing_latent_dir
train	00876362	missing_condition_dir,missing_latent_dir
train	00877226	missing_condition_dir,missing_latent_dir
train	00883244	missing_condition_dir,missing_latent_dir
train	00885857	missing_condition_dir,missing_latent_dir
train	00888521	missing_condition_dir,missing_latent_dir
train	00889932	missing_condition_dir,missing_latent_dir
train	00892815	missing_condition_dir,missing_latent_dir
train	00893247	missing_condition_dir,missing_latent_dir
train	00894536	missing_condition_dir,missing_latent_dir
train	00895130	missing_condition_dir,missing_latent_dir
train	00896398	missing_condition_dir,missing_latent_dir
train	00900147	missing_condition_dir,missing_latent_dir
train	00901987	missing_condition_dir,missing_latent_dir
train	00904670	missing_condition_dir,missing_latent_dir
train	00906107	missing_condition_dir,missing_latent_dir
train	00906598	missing_condition_dir,missing_latent_dir
train	00906793	missing_condition_dir,missing_latent_dir
train	00908728	missing_condition_dir,missing_latent_dir
train	00912089	missing_condition_dir,missing_latent_dir
train	00918079	missing_condition_dir,missing_latent_dir
train	00920848	missing_condition_dir,missing_latent_dir
train	00922269	missing_condition_dir,missing_latent_dir
train	00926265	missing_condition_dir,missing_latent_dir
train	00938459	missing_condition_dir,missing_latent_dir
train	00941485	missing_condition_dir,missing_latent_dir
train	00942220	missing_condition_dir,missing_latent_dir
train	00944161	missing_condition_dir,missing_latent_dir
train	00944539	missing_condition_dir,missing_latent_dir
train	00944763	missing_condition_dir,missing_latent_dir
train	00947172	missing_condition_dir,missing_latent_dir
train	00948383	missing_condition_dir,missing_latent_dir
train	00949146	missing_condition_dir,missing_latent_dir
train	00949732	missing_condition_dir,missing_latent_dir
train	00949893	missing_condition_dir,missing_latent_dir
train	00952301	missing_condition_dir,missing_latent_dir
train	00954822	missing_condition_dir,missing_latent_dir
train	00958545	missing_condition_dir,missing_latent_dir
train	00959396	missing_condition_dir,missing_latent_dir
train	00965596	missing_condition_dir,missing_latent_dir
train	00965776	missing_condition_dir,missing_latent_dir
train	00966610	missing_condition_dir,missing_latent_dir
train	00969220	missing_condition_dir,missing_latent_dir
train	00969565	missing_condition_dir,missing_latent_dir
train	00971076	missing_condition_dir,missing_latent_dir
train	00971256	missing_condition_dir,missing_latent_dir
train	00971985	missing_condition_dir,missing_latent_dir
train	00973059	missing_condition_dir,missing_latent_dir
train	00975257	missing_condition_dir,missing_latent_dir
train	00980292	missing_condition_dir,missing_latent_dir
train	00981408	missing_condition_dir,missing_latent_dir
train	00981505	missing_condition_dir,missing_latent_dir
train	00982341	missing_condition_dir,missing_latent_dir
train	00982899	missing_condition_dir,missing_latent_dir
train	00984791	missing_condition_dir,missing_latent_dir
train	00985358	missing_condition_dir,missing_latent_dir
train	00985801	missing_condition_dir,missing_latent_dir
train	00993475	missing_condition_dir,missing_latent_dir
train	00996732	missing_condition_dir,missing_latent_dir
train	00997449	missing_condition_dir,missing_latent_dir
train	00998001	missing_condition_dir,missing_latent_dir
val	00130163	missing_condition_dir,missing_latent_dir
val	00189807	missing_condition_dir,missing_latent_dir
val	00264679	missing_condition_dir,missing_latent_dir
val	00288662	missing_condition_dir,missing_latent_dir
val	00299399	missing_condition_dir,missing_latent_dir
val	00309155	missing_condition_dir,missing_latent_dir
val	00481365	missing_condition_dir,missing_latent_dir
val	00533233	missing_condition_dir,missing_latent_dir
val	00639391	missing_condition_dir,missing_latent_dir
val	00752488	missing_condition_dir,missing_latent_dir
val	00906369	missing_condition_dir,missing_latent_dir
val	00925947	missing_condition_dir,missing_latent_dir
