severity	split	model_id	asset	detail	path
required	train	00000061	latent.features	rotation 0 features shape (7, 64), expected [F,32]	/mnt/d/data/ae_cache/1119_deepcad_aug1_11k_24/00000061_0/features.npy
required	train	00000061	latent.features	rotation 1 features shape (7, 64), expected [F,32]	/mnt/d/data/ae_cache/1119_deepcad_aug1_11k_24/00000061_1/features.npy
required	train	00000061	latent.features	rotation 2 features shape (7, 64), expected [F,32]	/mnt/d/data/ae_cache/1119_deepcad_aug1_11k_24/00000061_2/features.npy
required	train	00000061	latent.features	rotation 3 features shape (7, 64), expected [F,32]	/mnt/d/data/ae_cache/1119_deepcad_aug1_11k_24/00000061_3/features.npy
required	train	00000061	latent.features	rotation 4 features shape (7, 64), expected [F,32]	/mnt/d/data/ae_cache/1119_deepcad_aug1_11k_24/00000061_4/features.npy
required	train	00000061	latent.features	rotation 5 features shape (7, 64), expected [F,32]	/mnt/d/data/ae_cache/1119_deepcad_aug1_11k_24/00000061_5/features.npy
required	train	00000061	latent.features	rotation 6 features shape (7, 64), expected [F,32]	/mnt/d/data/ae_cache/1119_deepcad_aug1_11k_24/00000061_6/features.npy
required	train	00000061	latent.features	rotation 7 features shape (7, 64), expected [F,32]	/mnt/d/data/ae_cache/1119_deepcad_aug1_11k_24/00000061_7/features.npy
required	train	00000061	latent.features	rotation 8 features shape (7, 64), expected [F,32]	/mnt/d/data/ae_cache/1119_deepcad_aug1_11k_24/00000061_8/features.npy
required	train	00000061	latent.features	rotation 9 features shape (7, 64), expected [F,32]	/mnt/d/data/ae_cache/1119_deepcad_aug1_11k_24/00000061_9/features.npy
required	train	00000061	latent.features	rotation 10 features shape (7, 64), expected [F,32]	/mnt/d/data/ae_cache/1119_deepcad_aug1_11k_24/00000061_10/features.npy
required	train	00000061	latent.features	rotation 11 features shape (7, 64), expected [F,32]	/mnt/d/data/ae_cache/1119_deepcad_aug1_11k_24/00000061_11/features.npy
required	train	00000061	latent.features	rotation 12 features shape (7, 64), expected [F,32]	/mnt/d/data/ae_cache/1119_deepcad_aug1_11k_24/00000061_12/features.npy
required	train	00000061	latent.features	rotation 13 features shape (7, 64), expected [F,32]	/mnt/d/data/ae_cache/1119_deepcad_aug1_11k_24/00000061_13/features.npy
required	train	00000061	latent.features	rotation 14 features shape (7, 64), expected [F,32]	/mnt/d/data/ae_cache/1119_deepcad_aug1_11k_24/00000061_14/features.npy
required	train	00000061	latent.features	rotation 15 features shape (7, 64), expected [F,32]	/mnt/d/data/ae_cache/1119_deepcad_aug1_11k_24/00000061_15/features.npy
required	train	00000061	latent.features	rotation 16 features shape (7, 64), expected [F,32]	/mnt/d/data/ae_cache/1119_deepcad_aug1_11k_24/00000061_16/features.npy
required	train	00000061	latent.features	rotation 17 features shape (7, 64), expected [F,32]	/mnt/d/data/ae_cache/1119_deepcad_aug1_11k_24/00000061_17/features.npy
required	train	00000061	latent.features	rotation 18 features shape (7, 64), expected [F,32]	/mnt/d/data/ae_cache/1119_deepcad_aug1_11k_24/00000061_18/features.npy
required	train	00000061	latent.features	rotation 19 features shape (7, 64), expected [F,32]	/mnt/d/data/ae_cache/1119_deepcad_aug1_11k_24/00000061_19/features.npy
required	train	00000061	latent.features	rotation 20 features shape (7, 64), expected [F,32]	/mnt/d/data/ae_cache/1119_deepcad_aug1_11k_24/00000061_20/features.npy
required	train	00000061	latent.features	rotation 21 features shape (7, 64), expected [F,32]	/mnt/d/data/ae_cache/1119_deepcad_aug1_11k_24/00000061_21/features.npy
required	train	00000061	latent.features	rotation 22 features shape (7, 64), expected [F,32]	/mnt/d/data/ae_cache/1119_deepcad_aug1_11k_24/00000061_22/features.npy
required	train	00000061	latent.features	rotation 23 features shape (7, 64), expected [F,32]	/mnt/d/data/ae_cache/1119_deepcad_aug1_11k_24/00000061_23/features.npy
required	train	00000070	latent.features	rotation 0 features shape (14, 64), expected [F,32]	/mnt/d/data/ae_cache/1119_deepcad_aug1_11k_24/00000070_0/features.npy
required	train	00000070	latent.features	rotation 1 features shape (14, 64), expected [F,32]	/mnt/d/data/ae_cache/1119_deepcad_aug1_11k_24/00000070_1/features.npy
required	train	00000070	latent.features	rotation 2 features shape (14, 64), expected [F,32]	/mnt/d/data/ae_cache/1119_deepcad_aug1_11k_24/00000070_2/features.npy
required	train	00000070	latent.features	rotation 3 features shape (14, 64), expected [F,32]	/mnt/d/data/ae_cache/1119_deepcad_aug1_11k_24/00000070_3/features.npy
required	train	00000070	latent.features	rotation 4 features shape (14, 64), expected [F,32]	/mnt/d/data/ae_cache/1119_deepcad_aug1_11k_24/00000070_4/features.npy
required	train	00000070	latent.features	rotation 5 features shape (14, 64), expected [F,32]	/mnt/d/data/ae_cache/1119_deepcad_aug1_11k_24/00000070_5/features.npy
required	train	00000070	latent.features	rotation 6 features shape (14, 64), expected [F,32]	/mnt/d/data/ae_cache/1119_deepcad_aug1_11k_24/00000070_6/features.npy
required	train	00000070	latent.features	rotation 7 features shape (14, 64), expected [F,32]	/mnt/d/data/ae_cache/1119_deepcad_aug1_11k_24/00000070_7/features.npy
required	train	00000070	latent.features	rotation 8 features shape (14, 64), expected [F,32]	/mnt/d/data/ae_cache/1119_deepcad_aug1_11k_24/00000070_8/features.npy
required	train	00000070	latent.features	rotation 9 features shape (14, 64), expected [F,32]	/mnt/d/data/ae_cache/1119_deepcad_aug1_11k_24/00000070_9/features.npy
required	train	00000070	latent.features	rotation 10 features shape (14, 64), expected [F,32]	/mnt/d/data/ae_cache/1119_deepcad_aug1_11k_24/00000070_10/features.npy
required	train	00000070	latent.features	rotation 11 features shape (14, 64), expected [F,32]	/mnt/d/data/ae_cache/1119_deepcad_aug1_11k_24/00000070_11/features.npy
required	train	00000070	latent.features	rotation 12 features shape (14, 64), expected [F,32]	/mnt/d/data/ae_cache/1119_deepcad_aug1_11k_24/00000070_12/features.npy
required	train	00000070	latent.features	rotation 13 features shape (14, 64), expected [F,32]	/mnt/d/data/ae_cache/1119_deepcad_aug1_11k_24/00000070_13/features.npy
required	train	00000070	latent.features	rotation 14 features shape (14, 64), expected [F,32]	/mnt/d/data/ae_cache/1119_deepcad_aug1_11k_24/00000070_14/features.npy
required	train	00000070	latent.features	rotation 15 features shape (14, 64), expected [F,32]	/mnt/d/data/ae_cache/1119_deepcad_aug1_11k_24/00000070_15/features.npy
required	train	00000070	latent.features	rotation 16 features shape (14, 64), expected [F,32]	/mnt/d/data/ae_cache/1119_deepcad_aug1_11k_24/00000070_16/features.npy
required	train	00000070	latent.features	rotation 17 features shape (14, 64), expected [F,32]	/mnt/d/data/ae_cache/1119_deepcad_aug1_11k_24/00000070_17/features.npy
required	train	00000070	latent.features	rotation 18 features shape (14, 64), expected [F,32]	/mnt/d/data/ae_cache/1119_deepcad_aug1_11k_24/00000070_18/features.npy
required	train	00000070	latent.features	rotation 19 features shape (14, 64), expected [F,32]	/mnt/d/data/ae_cache/1119_deepcad_aug1_11k_24/00000070_19/features.npy
required	train	00000070	latent.features	rotation 20 features shape (14, 64), expected [F,32]	/mnt/d/data/ae_cache/1119_deepcad_aug1_11k_24/00000070_20/features.npy
required	train	00000070	latent.features	rotation 21 features shape (14, 64), expected [F,32]	/mnt/d/data/ae_cache/1119_deepcad_aug1_11k_24/00000070_21/features.npy
required	train	00000070	latent.features	rotation 22 features shape (14, 64), expected [F,32]	/mnt/d/data/ae_cache/1119_deepcad_aug1_11k_24/00000070_22/features.npy
required	train	00000070	latent.features	rotation 23 features shape (14, 64), expected [F,32]	/mnt/d/data/ae_cache/1119_deepcad_aug1_11k_24/00000070_23/features.npy
required	train	00000168	latent.features	rotation 0 features shape (14, 64), expected [F,32]	/mnt/d/data/ae_cache/1119_deepcad_aug1_11k_24/00000168_0/features.npy
required	train	00000168	latent.features	rotation 1 features shape (14, 64), expected [F,32]	/mnt/d/data/ae_cache/1119_deepcad_aug1_11k_24/00000168_1/features.npy
required	train	00000168	latent.features	rotation 2 features shape (14, 64), expected [F,32]	/mnt/d/data/ae_cache/1119_deepcad_aug1_11k_24/00000168_2/features.npy
required	train	00000168	latent.features	rotation 3 features shape (14, 64), expected [F,32]	/mnt/d/data/ae_cache/1119_deepcad_aug1_11k_24/00000168_3/features.npy
required	train	00000168	latent.features	rotation 4 features shape (14, 64), expected [F,32]	/mnt/d/data/ae_cache/1119_deepcad_aug1_11k_24/00000168_4/features.npy
required	train	00000168	latent.features	rotation 5 features shape (14, 64), expected [F,32]	/mnt/d/data/ae_cache/1119_deepcad_aug1_11k_24/00000168_5/features.npy
required	train	00000168	latent.features	rotation 6 features shape (14, 64), expected [F,32]	/mnt/d/data/ae_cache/1119_deepcad_aug1_11k_24/00000168_6/features.npy
required	train	00000168	latent.features	rotation 7 features shape (14, 64), expected [F,32]	/mnt/d/data/ae_cache/1119_deepcad_aug1_11k_24/00000168_7/features.npy
required	train	00000168	latent.features	rotation 8 features shape (14, 64), expected [F,32]	/mnt/d/data/ae_cache/1119_deepcad_aug1_11k_24/00000168_8/features.npy
required	train	00000168	latent.features	rotation 9 features shape (14, 64), expected [F,32]	/mnt/d/data/ae_cache/1119_deepcad_aug1_11k_24/00000168_9/features.npy
required	train	00000168	latent.features	rotation 10 features shape (14, 64), expected [F,32]	/mnt/d/data/ae_cache/1119_deepcad_aug1_11k_24/00000168_10/features.npy
required	train	00000168	latent.features	rotation 11 features shape (14, 64), expected [F,32]	/mnt/d/data/ae_cache/1119_deepcad_aug1_11k_24/00000168_11/features.npy
required	train	00000168	latent.features	rotation 12 features shape (14, 64), expected [F,32]	/mnt/d/data/ae_cache/1119_deepcad_aug1_11k_24/00000168_12/features.npy
required	train	00000168	latent.features	rotation 13 features shape (14, 64), expected [F,32]	/mnt/d/data/ae_cache/1119_deepcad_aug1_11k_24/00000168_13/features.npy
required	train	00000168	latent.features	rotation 14 features shape (14, 64), expected [F,32]	/mnt/d/data/ae_cache/1119_deepcad_aug1_11k_24/00000168_14/features.npy
required	train	00000168	latent.features	rotation 15 features shape (14, 64), expected [F,32]	/mnt/d/data/ae_cache/1119_deepcad_aug1_11k_24/00000168_15/features.npy
required	train	00000168	latent.features	rotation 16 features shape (14, 64), expected [F,32]	/mnt/d/data/ae_cache/1119_deepcad_aug1_11k_24/00000168_16/features.npy
required	train	00000168	latent.features	rotation 17 features shape (14, 64), expected [F,32]	/mnt/d/data/ae_cache/1119_deepcad_aug1_11k_24/00000168_17/features.npy
required	train	00000168	latent.features	rotation 18 features shape (14, 64), expected [F,32]	/mnt/d/data/ae_cache/1119_deepcad_aug1_11k_24/00000168_18/features.npy
required	train	00000168	latent.features	rotation 19 features shape (14, 64), expected [F,32]	/mnt/d/data/ae_cache/1119_deepcad_aug1_11k_24/00000168_19/features.npy
required	train	00000168	latent.features	rotation 20 features shape (14, 64), expected [F,32]	/mnt/d/data/ae_cache/1119_deepcad_aug1_11k_24/00000168_20/features.npy
required	train	00000168	latent.features	rotation 21 features shape (14, 64), expected [F,32]	/mnt/d/data/ae_cache/1119_deepcad_aug1_11k_24/00000168_21/features.npy
required	train	00000168	latent.features	rotation 22 features shape (14, 64), expected [F,32]	/mnt/d/data/ae_cache/1119_deepcad_aug1_11k_24/00000168_22/features.npy
required	train	00000168	latent.features	rotation 23 features shape (14, 64), expected [F,32]	/mnt/d/data/ae_cache/1119_deepcad_aug1_11k_24/00000168_23/features.npy
required	train	00000329	latent.features	rotation 0 features shape (12, 64), expected [F,32]	/mnt/d/data/ae_cache/1119_deepcad_aug1_11k_24/00000329_0/features.npy
required	train	00000329	latent.features	rotation 1 features shape (12, 64), expected [F,32]	/mnt/d/data/ae_cache/1119_deepcad_aug1_11k_24/00000329_1/features.npy
required	train	00000329	latent.features	rotation 2 features shape (12, 64), expected [F,32]	/mnt/d/data/ae_cache/1119_deepcad_aug1_11k_24/00000329_2/features.npy
required	train	00000329	latent.features	rotation 3 features shape (12, 64), expected [F,32]	/mnt/d/data/ae_cache/1119_deepcad_aug1_11k_24/00000329_3/features.npy
required	train	00000329	latent.features	rotation 4 features shape (12, 64), expected [F,32]	/mnt/d/data/ae_cache/1119_deepcad_aug1_11k_24/00000329_4/features.npy
required	train	00000329	latent.features	rotation 5 features shape (12, 64), expected [F,32]	/mnt/d/data/ae_cache/1119_deepcad_aug1_11k_24/00000329_5/features.npy
required	train	00000329	latent.features	rotation 6 features shape (12, 64), expected [F,32]	/mnt/d/data/ae_cache/1119_deepcad_aug1_11k_24/00000329_6/features.npy
required	train	00000329	latent.features	rotation 7 features shape (12, 64), expected [F,32]	/mnt/d/data/ae_cache/1119_deepcad_aug1_11k_24/00000329_7/features.npy
required	train	00000329	latent.features	rotation 8 features shape (12, 64), expected [F,32]	/mnt/d/data/ae_cache/1119_deepcad_aug1_11k_24/00000329_8/features.npy
required	train	00000329	latent.features	rotation 9 features shape (12, 64), expected [F,32]	/mnt/d/data/ae_cache/1119_deepcad_aug1_11k_24/00000329_9/features.npy
required	train	00000329	latent.features	rotation 10 features shape (12, 64), expected [F,32]	/mnt/d/data/ae_cache/1119_deepcad_aug1_11k_24/00000329_10/features.npy
required	train	00000329	latent.features	rotation 11 features shape (12, 64), expected [F,32]	/mnt/d/data/ae_cache/1119_deepcad_aug1_11k_24/00000329_11/features.npy
required	train	00000329	latent.features	rotation 12 features shape (12, 64), expected [F,32]	/mnt/d/data/ae_cache/1119_deepcad_aug1_11k_24/00000329_12/features.npy
required	train	00000329	latent.features	rotation 13 features shape (12, 64), expected [F,32]	/mnt/d/data/ae_cache/1119_deepcad_aug1_11k_24/00000329_13/features.npy
required	train	00000329	latent.features	rotation 14 features shape (12, 64), expected [F,32]	/mnt/d/data/ae_cache/1119_deepcad_aug1_11k_24/00000329_14/features.npy
required	train	00000329	latent.features	rotation 15 features shape (12, 64), expected [F,32]	/mnt/d/data/ae_cache/1119_deepcad_aug1_11k_24/00000329_15/features.npy
required	train	00000329	latent.features	rotation 16 features shape (12, 64), expected [F,32]	/mnt/d/data/ae_cache/1119_deepcad_aug1_11k_24/00000329_16/features.npy
required	train	00000329	latent.features	rotation 17 features shape (12, 64), expected [F,32]	/mnt/d/data/ae_cache/1119_deepcad_aug1_11k_24/00000329_17/features.npy
required	train	00000329	latent.features	rotation 18 features shape (12, 64), expected [F,32]	/mnt/d/data/ae_cache/1119_deepcad_aug1_11k_24/00000329_18/features.npy
required	train	00000329	latent.features	rotation 19 features shape (12, 64), expected [F,32]	/mnt/d/data/ae_cache/1119_deepcad_aug1_11k_24/00000329_19/features.npy
required	train	00000329	latent.features	rotation 20 features shape (12, 64), expected [F,32]	/mnt/d/data/ae_cache/1119_deepcad_aug1_11k_24/00000329_20/features.npy
required	train	00000329	latent.features	rotation 21 features shape (12, 64), expected [F,32]	/mnt/d/data/ae_cache/1119_deepcad_aug1_11k_24/00000329_21/features.npy
required	train	00000329	latent.features	rotation 22 features shape (12, 64), expected [F,32]	/mnt/d/data/ae_cache/1119_deepcad_aug1_11k_24/00000329_22/features.npy
required	train	00000329	latent.features	rotation 23 features shape (12, 64), expected [F,32]	/mnt/d/data/ae_cache/1119_deepcad_aug1_11k_24/00000329_23/features.npy
required	train	00000348	latent.features	rotation 0 features shape (20, 64), expected [F,32]	/mnt/d/data/ae_cache/1119_deepcad_aug1_11k_24/00000348_0/features.npy
required	train	00000348	latent.features	rotation 1 features shape (20, 64), expected [F,32]	/mnt/d/data/ae_cache/1119_deepcad_aug1_11k_24/00000348_1/features.npy
required	train	00000348	latent.features	rotation 2 features shape (20, 64), expected [F,32]	/mnt/d/data/ae_cache/1119_deepcad_aug1_11k_24/00000348_2/features.npy
required	train	00000348	latent.features	rotation 3 features shape (20, 64), expected [F,32]	/mnt/d/data/ae_cache/1119_deepcad_aug1_11k_24/00000348_3/features.npy
required	train	00000348	latent.features	rotation 4 features shape (20, 64), expected [F,32]	/mnt/d/data/ae_cache/1119_deepcad_aug1_11k_24/00000348_4/features.npy
required	train	00000348	latent.features	rotation 5 features shape (20, 64), expected [F,32]	/mnt/d/data/ae_cache/1119_deepcad_aug1_11k_24/00000348_5/features.npy
required	train	00000348	latent.features	rotation 6 features shape (20, 64), expected [F,32]	/mnt/d/data/ae_cache/1119_deepcad_aug1_11k_24/00000348_6/features.npy
required	train	00000348	latent.features	rotation 7 features shape (20, 64), expected [F,32]	/mnt/d/data/ae_cache/1119_deepcad_aug1_11k_24/00000348_7/features.npy
required	train	00000348	latent.features	rotation 8 features shape (20, 64), expected [F,32]	/mnt/d/data/ae_cache/1119_deepcad_aug1_11k_24/00000348_8/features.npy
required	train	00000348	latent.features	rotation 9 features shape (20, 64), expected [F,32]	/mnt/d/data/ae_cache/1119_deepcad_aug1_11k_24/00000348_9/features.npy
required	train	00000348	latent.features	rotation 10 features shape (20, 64), expected [F,32]	/mnt/d/data/ae_cache/1119_deepcad_aug1_11k_24/00000348_10/features.npy
required	train	00000348	latent.features	rotation 11 features shape (20, 64), expected [F,32]	/mnt/d/data/ae_cache/1119_deepcad_aug1_11k_24/00000348_11/features.npy
required	train	00000348	latent.features	rotation 12 features shape (20, 64), expected [F,32]	/mnt/d/data/ae_cache/1119_deepcad_aug1_11k_24/00000348_12/features.npy
required	train	00000348	latent.features	rotation 13 features shape (20, 64), expected [F,32]	/mnt/d/data/ae_cache/1119_deepcad_aug1_11k_24/00000348_13/features.npy
required	train	00000348	latent.features	rotation 14 features shape (20, 64), expected [F,32]	/mnt/d/data/ae_cache/1119_deepcad_aug1_11k_24/00000348_14/features.npy
required	train	00000348	latent.features	rotation 15 features shape (20, 64), expected [F,32]	/mnt/d/data/ae_cache/1119_deepcad_aug1_11k_24/00000348_15/features.npy
required	train	00000348	latent.features	rotation 16 features shape (20, 64), expected [F,32]	/mnt/d/data/ae_cache/1119_deepcad_aug1_11k_24/00000348_16/features.npy
required	train	00000348	latent.features	rotation 17 features shape (20, 64), expected [F,32]	/mnt/d/data/ae_cache/1119_deepcad_aug1_11k_24/00000348_17/features.npy
required	train	00000348	latent.features	rotation 18 features shape (20, 64), expected [F,32]	/mnt/d/data/ae_cache/1119_deepcad_aug1_11k_24/00000348_18/features.npy
required	train	00000348	latent.features	rotation 19 features shape (20, 64), expected [F,32]	/mnt/d/data/ae_cache/1119_deepcad_aug1_11k_24/00000348_19/features.npy
required	train	00000348	latent.features	rotation 20 features shape (20, 64), expected [F,32]	/mnt/d/data/ae_cache/1119_deepcad_aug1_11k_24/00000348_20/features.npy
required	train	00000348	latent.features	rotation 21 features shape (20, 64), expected [F,32]	/mnt/d/data/ae_cache/1119_deepcad_aug1_11k_24/00000348_21/features.npy
required	train	00000348	latent.features	rotation 22 features shape (20, 64), expected [F,32]	/mnt/d/data/ae_cache/1119_deepcad_aug1_11k_24/00000348_22/features.npy
required	train	00000348	latent.features	rotation 23 features shape (20, 64), expected [F,32]	/mnt/d/data/ae_cache/1119_deepcad_aug1_11k_24/00000348_23/features.npy
required	train	00000356	latent.features	rotation 0 features shape (14, 64), expected [F,32]	/mnt/d/data/ae_cache/1119_deepcad_aug1_11k_24/00000356_0/features.npy
required	train	00000356	latent.features	rotation 1 features shape (14, 64), expected [F,32]	/mnt/d/data/ae_cache/1119_deepcad_aug1_11k_24/00000356_1/features.npy
required	train	00000356	latent.features	rotation 2 features shape (14, 64), expected [F,32]	/mnt/d/data/ae_cache/1119_deepcad_aug1_11k_24/00000356_2/features.npy
required	train	00000356	latent.features	rotation 3 features shape (14, 64), expected [F,32]	/mnt/d/data/ae_cache/1119_deepcad_aug1_11k_24/00000356_3/features.npy
required	train	00000356	latent.features	rotation 4 features shape (14, 64), expected [F,32]	/mnt/d/data/ae_cache/1119_deepcad_aug1_11k_24/00000356_4/features.npy
required	train	00000356	latent.features	rotation 5 features shape (14, 64), expected [F,32]	/mnt/d/data/ae_cache/1119_deepcad_aug1_11k_24/00000356_5/features.npy
required	train	00000356	latent.features	rotation 6 features shape (14, 64), expected [F,32]	/mnt/d/data/ae_cache/1119_deepcad_aug1_11k_24/00000356_6/features.npy
required	train	00000356	latent.features	rotation 7 features shape (14, 64), expected [F,32]	/mnt/d/data/ae_cache/1119_deepcad_aug1_11k_24/00000356_7/features.npy
required	train	00000356	latent.features	rotation 8 features shape (14, 64), expected [F,32]	/mnt/d/data/ae_cache/1119_deepcad_aug1_11k_24/00000356_8/features.npy
required	train	00000356	latent.features	rotation 9 features shape (14, 64), expected [F,32]	/mnt/d/data/ae_cache/1119_deepcad_aug1_11k_24/00000356_9/features.npy
required	train	00000356	latent.features	rotation 10 features shape (14, 64), expected [F,32]	/mnt/d/data/ae_cache/1119_deepcad_aug1_11k_24/00000356_10/features.npy
required	train	00000356	latent.features	rotation 11 features shape (14, 64), expected [F,32]	/mnt/d/data/ae_cache/1119_deepcad_aug1_11k_24/00000356_11/features.npy
required	train	00000356	latent.features	rotation 12 features shape (14, 64), expected [F,32]	/mnt/d/data/ae_cache/1119_deepcad_aug1_11k_24/00000356_12/features.npy
required	train	00000356	latent.features	rotation 13 features shape (14, 64), expected [F,32]	/mnt/d/data/ae_cache/1119_deepcad_aug1_11k_24/00000356_13/features.npy
required	train	00000356	latent.features	rotation 14 features shape (14, 64), expected [F,32]	/mnt/d/data/ae_cache/1119_deepcad_aug1_11k_24/00000356_14/features.npy
required	train	00000356	latent.features	rotation 15 features shape (14, 64), expected [F,32]	/mnt/d/data/ae_cache/1119_deepcad_aug1_11k_24/00000356_15/features.npy
required	train	00000356	latent.features	rotation 16 features shape (14, 64), expected [F,32]	/mnt/d/data/ae_cache/1119_deepcad_aug1_11k_24/00000356_16/features.npy
required	train	00000356	latent.features	rotation 17 features shape (14, 64), expected [F,32]	/mnt/d/data/ae_cache/1119_deepcad_aug1_11k_24/00000356_17/features.npy
required	train	00000356	latent.features	rotation 18 features shape (14, 64), expected [F,32]	/mnt/d/data/ae_cache/1119_deepcad_aug1_11k_24/00000356_18/features.npy
required	train	00000356	latent.features	rotation 19 features shape (14, 64), expected [F,32]	/mnt/d/data/ae_cache/1119_deepcad_aug1_11k_24/00000356_19/features.npy
required	train	00000356	latent.features	rotation 20 features shape (14, 64), expected [F,32]	/mnt/d/data/ae_cache/1119_deepcad_aug1_11k_24/00000356_20/features.npy
required	train	00000356	latent.features	rotation 21 features shape (14, 64), expected [F,32]	/mnt/d/data/ae_cache/1119_deepcad_aug1_11k_24/00000356_21/features.npy
required	train	00000356	latent.features	rotation 22 features shape (14, 64), expected [F,32]	/mnt/d/data/ae_cache/1119_deepcad_aug1_11k_24/00000356_22/features.npy
required	train	00000356	latent.features	rotation 23 features shape (14, 64), expected [F,32]	/mnt/d/data/ae_cache/1119_deepcad_aug1_11k_24/00000356_23/features.npy
required	train	00000413	latent.features	rotation 0 features shape (13, 64), expected [F,32]	/mnt/d/data/ae_cache/1119_deepcad_aug1_11k_24/00000413_0/features.npy
required	train	00000413	latent.features	rotation 1 features shape (13, 64), expected [F,32]	/mnt/d/data/ae_cache/1119_deepcad_aug1_11k_24/00000413_1/features.npy
required	train	00000413	latent.features	rotation 2 features shape (13, 64), expected [F,32]	/mnt/d/data/ae_cache/1119_deepcad_aug1_11k_24/00000413_2/features.npy
required	train	00000413	latent.features	rotation 3 features shape (13, 64), expected [F,32]	/mnt/d/data/ae_cache/1119_deepcad_aug1_11k_24/00000413_3/features.npy
required	train	00000413	latent.features	rotation 4 features shape (13, 64), expected [F,32]	/mnt/d/data/ae_cache/1119_deepcad_aug1_11k_24/00000413_4/features.npy
required	train	00000413	latent.features	rotation 5 features shape (13, 64), expected [F,32]	/mnt/d/data/ae_cache/1119_deepcad_aug1_11k_24/00000413_5/features.npy
required	train	00000413	latent.features	rotation 6 features shape (13, 64), expected [F,32]	/mnt/d/data/ae_cache/1119_deepcad_aug1_11k_24/00000413_6/features.npy
required	train	00000413	latent.features	rotation 7 features shape (13, 64), expected [F,32]	/mnt/d/data/ae_cache/1119_deepcad_aug1_11k_24/00000413_7/features.npy
required	train	00000413	latent.features	rotation 8 features shape (13, 64), expected [F,32]	/mnt/d/data/ae_cache/1119_deepcad_aug1_11k_24/00000413_8/features.npy
required	train	00000413	latent.features	rotation 9 features shape (13, 64), expected [F,32]	/mnt/d/data/ae_cache/1119_deepcad_aug1_11k_24/00000413_9/features.npy
required	train	00000413	latent.features	rotation 10 features shape (13, 64), expected [F,32]	/mnt/d/data/ae_cache/1119_deepcad_aug1_11k_24/00000413_10/features.npy
required	train	00000413	latent.features	rotation 11 features shape (13, 64), expected [F,32]	/mnt/d/data/ae_cache/1119_deepcad_aug1_11k_24/00000413_11/features.npy
required	train	00000413	latent.features	rotation 12 features shape (13, 64), expected [F,32]	/mnt/d/data/ae_cache/1119_deepcad_aug1_11k_24/00000413_12/features.npy
required	train	00000413	latent.features	rotation 13 features shape (13, 64), expected [F,32]	/mnt/d/data/ae_cache/1119_deepcad_aug1_11k_24/00000413_13/features.npy
required	train	00000413	latent.features	rotation 14 features shape (13, 64), expected [F,32]	/mnt/d/data/ae_cache/1119_deepcad_aug1_11k_24/00000413_14/features.npy
required	train	00000413	latent.features	rotation 15 features shape (13, 64), expected [F,32]	/mnt/d/data/ae_cache/1119_deepcad_aug1_11k_24/00000413_15/features.npy
required	train	00000413	latent.features	rotation 16 features shape (13, 64), expected [F,32]	/mnt/d/data/ae_cache/1119_deepcad_aug1_11k_24/00000413_16/features.npy
required	train	00000413	latent.features	rotation 17 features shape (13, 64), expected [F,32]	/mnt/d/data/ae_cache/1119_deepcad_aug1_11k_24/00000413_17/features.npy
required	train	00000413	latent.features	rotation 18 features shape (13, 64), expected [F,32]	/mnt/d/data/ae_cache/1119_deepcad_aug1_11k_24/00000413_18/features.npy
required	train	00000413	latent.features	rotation 19 features shape (13, 64), expected [F,32]	/mnt/d/data/ae_cache/1119_deepcad_aug1_11k_24/00000413_19/features.npy
required	train	00000413	latent.features	rotation 20 features shape (13, 64), expected [F,32]	/mnt/d/data/ae_cache/1119_deepcad_aug1_11k_24/00000413_20/features.npy
required	train	00000413	latent.features	rotation 21 features shape (13, 64), expected [F,32]	/mnt/d/data/ae_cache/1119_deepcad_aug1_11k_24/00000413_21/features.npy
required	train	00000413	latent.features	rotation 22 features shape (13, 64), expected [F,32]	/mnt/d/data/ae_cache/1119_deepcad_aug1_11k_24/00000413_22/features.npy
required	train	00000413	latent.features	rotation 23 features shape (13, 64), expected [F,32]	/mnt/d/data/ae_cache/1119_deepcad_aug1_11k_24/00000413_23/features.npy
required	train	00000418	latent.features	rotation 0 features shape (13, 64), expected [F,32]	/mnt/d/data/ae_cache/1119_deepcad_aug1_11k_24/00000418_0/features.npy
required	train	00000418	latent.features	rotation 1 features shape (13, 64), expected [F,32]	/mnt/d/data/ae_cache/1119_deepcad_aug1_11k_24/00000418_1/features.npy
required	train	00000418	latent.features	rotation 2 features shape (13, 64), expected [F,32]	/mnt/d/data/ae_cache/1119_deepcad_aug1_11k_24/00000418_2/features.npy
required	train	00000418	latent.features	rotation 3 features shape (13, 64), expected [F,32]	/mnt/d/data/ae_cache/1119_deepcad_aug1_11k_24/00000418_3/features.npy
required	train	00000418	latent.features	rotation 4 features shape (13, 64), expected [F,32]	/mnt/d/data/ae_cache/1119_deepcad_aug1_11k_24/00000418_4/features.npy
required	train	00000418	latent.features	rotation 5 features shape (13, 64), expected [F,32]	/mnt/d/data/ae_cache/1119_deepcad_aug1_11k_24/00000418_5/features.npy
required	train	00000418	latent.features	rotation 6 features shape (13, 64), expected [F,32]	/mnt/d/data/ae_cache/1119_deepcad_aug1_11k_24/00000418_6/features.npy
required	train	00000418	latent.features	rotation 7 features shape (13, 64), expected [F,32]	/mnt/d/data/ae_cache/1119_deepcad_aug1_11k_24/00000418_7/features.npy
required	train	00000418	latent.features	rotation 8 features shape (13, 64), expected [F,32]	/mnt/d/data/ae_cache/1119_deepcad_aug1_11k_24/00000418_8/features.npy
required	train	00000418	latent.features	rotation 9 features shape (13, 64), expected [F,32]	/mnt/d/data/ae_cache/1119_deepcad_aug1_11k_24/00000418_9/features.npy
required	train	00000418	latent.features	rotation 10 features shape (13, 64), expected [F,32]	/mnt/d/data/ae_cache/1119_deepcad_aug1_11k_24/00000418_10/features.npy
required	train	00000418	latent.features	rotation 11 features shape (13, 64), expected [F,32]	/mnt/d/data/ae_cache/1119_deepcad_aug1_11k_24/00000418_11/features.npy
required	train	00000418	latent.features	rotation 12 features shape (13, 64), expected [F,32]	/mnt/d/data/ae_cache/1119_deepcad_aug1_11k_24/00000418_12/features.npy
required	train	00000418	latent.features	rotation 13 features shape (13, 64), expected [F,32]	/mnt/d/data/ae_cache/1119_deepcad_aug1_11k_24/00000418_13/features.npy
required	train	00000418	latent.features	rotation 14 features shape (13, 64), expected [F,32]	/mnt/d/data/ae_cache/1119_deepcad_aug1_11k_24/00000418_14/features.npy
required	train	00000418	latent.features	rotation 15 features shape (13, 64), expected [F,32]	/mnt/d/data/ae_cache/1119_deepcad_aug1_11k_24/00000418_15/features.npy
required	train	00000418	latent.features	rotation 16 features shape (13, 64), expected [F,32]	/mnt/d/data/ae_cache/1119_deepcad_aug1_11k_24/00000418_16/features.npy
required	train	00000418	latent.features	rotation 17 features shape (13, 64), expected [F,32]	/mnt/d/data/ae_cache/1119_deepcad_aug1_11k_24/00000418_17/features.npy
required	train	00000418	latent.features	rotation 18 features shape (13, 64), expected [F,32]	/mnt/d/data/ae_cache/1119_deepcad_aug1_11k_24/00000418_18/features.npy
required	train	00000418	latent.features	rotation 19 features shape (13, 64), expected [F,32]	/mnt/d/data/ae_cache/1119_deepcad_aug1_11k_24/00000418_19/features.npy
required	train	00000418	latent.features	rotation 20 features shape (13, 64), expected [F,32]	/mnt/d/data/ae_cache/1119_deepcad_aug1_11k_24/00000418_20/features.npy
required	train	00000418	latent.features	rotation 21 features shape (13, 64), expected [F,32]	/mnt/d/data/ae_cache/1119_deepcad_aug1_11k_24/00000418_21/features.npy
required	train	00000418	latent.features	rotation 22 features shape (13, 64), expected [F,32]	/mnt/d/data/ae_cache/1119_deepcad_aug1_11k_24/00000418_22/features.npy
required	train	00000418	latent.features	rotation 23 features shape (13, 64), expected [F,32]	/mnt/d/data/ae_cache/1119_deepcad_aug1_11k_24/00000418_23/features.npy
required	train	00000559	latent.features	rotation 0 features shape (18, 64), expected [F,32]	/mnt/d/data/ae_cache/1119_deepcad_aug1_11k_24/00000559_0/features.npy
required	train	00000559	latent.features	rotation 1 features shape (18, 64), expected [F,32]	/mnt/d/data/ae_cache/1119_deepcad_aug1_11k_24/00000559_1/features.npy
required	train	00000559	latent.features	rotation 2 features shape (18, 64), expected [F,32]	/mnt/d/data/ae_cache/1119_deepcad_aug1_11k_24/00000559_2/features.npy
required	train	00000559	latent.features	rotation 3 features shape (18, 64), expected [F,32]	/mnt/d/data/ae_cache/1119_deepcad_aug1_11k_24/00000559_3/features.npy
required	train	00000559	latent.features	rotation 4 features shape (18, 64), expected [F,32]	/mnt/d/data/ae_cache/1119_deepcad_aug1_11k_24/00000559_4/features.npy
required	train	00000559	latent.features	rotation 5 features shape (18, 64), expected [F,32]	/mnt/d/data/ae_cache/1119_deepcad_aug1_11k_24/00000559_5/features.npy
required	train	00000559	latent.features	rotation 6 features shape (18, 64), expected [F,32]	/mnt/d/data/ae_cache/1119_deepcad_aug1_11k_24/00000559_6/features.npy
required	train	00000559	latent.features	rotation 7 features shape (18, 64), expected [F,32]	/mnt/d/data/ae_cache/1119_deepcad_aug1_11k_24/00000559_7/features.npy
required	train	00000559	latent.features	rotation 8 features shape (18, 64), expected [F,32]	/mnt/d/data/ae_cache/1119_deepcad_aug1_11k_24/00000559_8/features.npy
required	train	00000559	latent.features	rotation 9 features shape (18, 64), expected [F,32]	/mnt/d/data/ae_cache/1119_deepcad_aug1_11k_24/00000559_9/features.npy
required	train	00000559	latent.features	rotation 10 features shape (18, 64), expected [F,32]	/mnt/d/data/ae_cache/1119_deepcad_aug1_11k_24/00000559_10/features.npy
required	train	00000559	latent.features	rotation 11 features shape (18, 64), expected [F,32]	/mnt/d/data/ae_cache/1119_deepcad_aug1_11k_24/00000559_11/features.npy
required	train	00000559	latent.features	rotation 12 features shape (18, 64), expected [F,32]	/mnt/d/data/ae_cache/1119_deepcad_aug1_11k_24/00000559_12/features.npy
required	train	00000559	latent.features	rotation 13 features shape (18, 64), expected [F,32]	/mnt/d/data/ae_cache/1119_deepcad_aug1_11k_24/00000559_13/features.npy
required	train	00000559	latent.features	rotation 14 features shape (18, 64), expected [F,32]	/mnt/d/data/ae_cache/1119_deepcad_aug1_11k_24/00000559_14/features.npy
required	train	00000559	latent.features	rotation 15 features shape (18, 64), expected [F,32]	/mnt/d/data/ae_cache/1119_deepcad_aug1_11k_24/00000559_15/features.npy
required	train	00000559	latent.features	rotation 16 features shape (18, 64), expected [F,32]	/mnt/d/data/ae_cache/1119_deepcad_aug1_11k_24/00000559_16/features.npy
required	train	00000559	latent.features	rotation 17 features shape (18, 64), expected [F,32]	/mnt/d/data/ae_cache/1119_deepcad_aug1_11k_24/00000559_17/features.npy
required	train	00000559	latent.features	rotation 18 features shape (18, 64), expected [F,32]	/mnt/d/data/ae_cache/1119_deepcad_aug1_11k_24/00000559_18/features.npy
required	train	00000559	latent.features	rotation 19 features shape (18, 64), expected [F,32]	/mnt/d/data/ae_cache/1119_deepcad_aug1_11k_24/00000559_19/features.npy
required	train	00000559	latent.features	rotation 20 features shape (18, 64), expected [F,32]	/mnt/d/data/ae_cache/1119_deepcad_aug1_11k_24/00000559_20/features.npy
required	train	00000559	latent.features	rotation 21 features shape (18, 64), expected [F,32]	/mnt/d/data/ae_cache/1119_deepcad_aug1_11k_24/00000559_21/features.npy
required	train	00000559	latent.features	rotation 22 features shape (18, 64), expected [F,32]	/mnt/d/data/ae_cache/1119_deepcad_aug1_11k_24/00000559_22/features.npy
required	train	00000559	latent.features	rotation 23 features shape (18, 64), expected [F,32]	/mnt/d/data/ae_cache/1119_deepcad_aug1_11k_24/00000559_23/features.npy
required	train	00000633	latent.features	rotation 0 features shape (7, 64), expected [F,32]	/mnt/d/data/ae_cache/1119_deepcad_aug1_11k_24/00000633_0/features.npy
required	train	00000633	latent.features	rotation 1 features shape (7, 64), expected [F,32]	/mnt/d/data/ae_cache/1119_deepcad_aug1_11k_24/00000633_1/features.npy
required	train	00000633	latent.features	rotation 2 features shape (7, 64), expected [F,32]	/mnt/d/data/ae_cache/1119_deepcad_aug1_11k_24/00000633_2/features.npy
required	train	00000633	latent.features	rotation 3 features shape (7, 64), expected [F,32]	/mnt/d/data/ae_cache/1119_deepcad_aug1_11k_24/00000633_3/features.npy
required	train	00000633	latent.features	rotation 4 features shape (7, 64), expected [F,32]	/mnt/d/data/ae_cache/1119_deepcad_aug1_11k_24/00000633_4/features.npy
required	train	00000633	latent.features	rotation 5 features shape (7, 64), expected [F,32]	/mnt/d/data/ae_cache/1119_deepcad_aug1_11k_24/00000633_5/features.npy
required	train	00000633	latent.features	rotation 6 features shape (7, 64), expected [F,32]	/mnt/d/data/ae_cache/1119_deepcad_aug1_11k_24/00000633_6/features.npy
required	train	00000633	latent.features	rotation 7 features shape (7, 64), expected [F,32]	/mnt/d/data/ae_cache/1119_deepcad_aug1_11k_24/00000633_7/features.npy
required	train	00000633	latent.features	rotation 8 features shape (7, 64), expected [F,32]	/mnt/d/data/ae_cache/1119_deepcad_aug1_11k_24/00000633_8/features.npy
required	train	00000633	latent.features	rotation 9 features shape (7, 64), expected [F,32]	/mnt/d/data/ae_cache/1119_deepcad_aug1_11k_24/00000633_9/features.npy
required	train	00000633	latent.features	rotation 10 features shape (7, 64), expected [F,32]	/mnt/d/data/ae_cache/1119_deepcad_aug1_11k_24/00000633_10/features.npy
required	train	00000633	latent.features	rotation 11 features shape (7, 64), expected [F,32]	/mnt/d/data/ae_cache/1119_deepcad_aug1_11k_24/00000633_11/features.npy
required	train	00000633	latent.features	rotation 12 features shape (7, 64), expected [F,32]	/mnt/d/data/ae_cache/1119_deepcad_aug1_11k_24/00000633_12/features.npy
required	train	00000633	latent.features	rotation 13 features shape (7, 64), expected [F,32]	/mnt/d/data/ae_cache/1119_deepcad_aug1_11k_24/00000633_13/features.npy
required	train	00000633	latent.features	rotation 14 features shape (7, 64), expected [F,32]	/mnt/d/data/ae_cache/1119_deepcad_aug1_11k_24/00000633_14/features.npy
required	train	00000633	latent.features	rotation 15 features shape (7, 64), expected [F,32]	/mnt/d/data/ae_cache/1119_deepcad_aug1_11k_24/00000633_15/features.npy
required	train	00000633	latent.features	rotation 16 features shape (7, 64), expected [F,32]	/mnt/d/data/ae_cache/1119_deepcad_aug1_11k_24/00000633_16/features.npy
required	train	00000633	latent.features	rotation 17 features shape (7, 64), expected [F,32]	/mnt/d/data/ae_cache/1119_deepcad_aug1_11k_24/00000633_17/features.npy
required	train	00000633	latent.features	rotation 18 features shape (7, 64), expected [F,32]	/mnt/d/data/ae_cache/1119_deepcad_aug1_11k_24/00000633_18/features.npy
required	train	00000633	latent.features	rotation 19 features shape (7, 64), expected [F,32]	/mnt/d/data/ae_cache/1119_deepcad_aug1_11k_24/00000633_19/features.npy
required	train	00000633	latent.features	rotation 20 features shape (7, 64), expected [F,32]	/mnt/d/data/ae_cache/1119_deepcad_aug1_11k_24/00000633_20/features.npy
required	train	00000633	latent.features	rotation 21 features shape (7, 64), expected [F,32]	/mnt/d/data/ae_cache/1119_deepcad_aug1_11k_24/00000633_21/features.npy
required	train	00000633	latent.features	rotation 22 features shape (7, 64), expected [F,32]	/mnt/d/data/ae_cache/1119_deepcad_aug1_11k_24/00000633_22/features.npy
required	train	00000633	latent.features	rotation 23 features shape (7, 64), expected [F,32]	/mnt/d/data/ae_cache/1119_deepcad_aug1_11k_24/00000633_23/features.npy
required	train	00000638	latent.features	rotation 0 features shape (14, 64), expected [F,32]	/mnt/d/data/ae_cache/1119_deepcad_aug1_11k_24/00000638_0/features.npy
required	train	00000638	latent.features	rotation 1 features shape (14, 64), expected [F,32]	/mnt/d/data/ae_cache/1119_deepcad_aug1_11k_24/00000638_1/features.npy
required	train	00000638	latent.features	rotation 2 features shape (14, 64), expected [F,32]	/mnt/d/data/ae_cache/1119_deepcad_aug1_11k_24/00000638_2/features.npy
required	train	00000638	latent.features	rotation 3 features shape (14, 64), expected [F,32]	/mnt/d/data/ae_cache/1119_deepcad_aug1_11k_24/00000638_3/features.npy
required	train	00000638	latent.features	rotation 4 features shape (14, 64), expected [F,32]	/mnt/d/data/ae_cache/1119_deepcad_aug1_11k_24/00000638_4/features.npy
required	train	00000638	latent.features	rotation 5 features shape (14, 64), expected [F,32]	/mnt/d/data/ae_cache/1119_deepcad_aug1_11k_24/00000638_5/features.npy
required	train	00000638	latent.features	rotation 6 features shape (14, 64), expected [F,32]	/mnt/d/data/ae_cache/1119_deepcad_aug1_11k_24/00000638_6/features.npy
required	train	00000638	latent.features	rotation 7 features shape (14, 64), expected [F,32]	/mnt/d/data/ae_cache/1119_deepcad_aug1_11k_24/00000638_7/features.npy
required	train	00000638	latent.features	rotation 8 features shape (14, 64), expected [F,32]	/mnt/d/data/ae_cache/1119_deepcad_aug1_11k_24/00000638_8/features.npy
required	train	00000638	latent.features	rotation 9 features shape (14, 64), expected [F,32]	/mnt/d/data/ae_cache/1119_deepcad_aug1_11k_24/00000638_9/features.npy
required	train	00000638	latent.features	rotation 10 features shape (14, 64), expected [F,32]	/mnt/d/data/ae_cache/1119_deepcad_aug1_11k_24/00000638_10/features.npy
required	train	00000638	latent.features	rotation 11 features shape (14, 64), expected [F,32]	/mnt/d/data/ae_cache/1119_deepcad_aug1_11k_24/00000638_11/features.npy
required	train	00000638	latent.features	rotation 12 features shape (14, 64), expected [F,32]	/mnt/d/data/ae_cache/1119_deepcad_aug1_11k_24/00000638_12/features.npy
required	train	00000638	latent.features	rotation 13 features shape (14, 64), expected [F,32]	/mnt/d/data/ae_cache/1119_deepcad_aug1_11k_24/00000638_13/features.npy
required	train	00000638	latent.features	rotation 14 features shape (14, 64), expected [F,32]	/mnt/d/data/ae_cache/1119_deepcad_aug1_11k_24/00000638_14/features.npy
required	train	00000638	latent.features	rotation 15 features shape (14, 64), expected [F,32]	/mnt/d/data/ae_cache/1119_deepcad_aug1_11k_24/00000638_15/features.npy
required	train	00000638	latent.features	rotation 16 features shape (14, 64), expected [F,32]	/mnt/d/data/ae_cache/1119_deepcad_aug1_11k_24/00000638_16/features.npy
required	train	00000638	latent.features	rotation 17 features shape (14, 64), expected [F,32]	/mnt/d/data/ae_cache/1119_deepcad_aug1_11k_24/00000638_17/features.npy
required	train	00000638	latent.features	rotation 18 features shape (14, 64), expected [F,32]	/mnt/d/data/ae_cache/1119_deepcad_aug1_11k_24/00000638_18/features.npy
required	train	00000638	latent.features	rotation 19 features shape (14, 64), expected [F,32]	/mnt/d/data/ae_cache/1119_deepcad_aug1_11k_24/00000638_19/features.npy
required	train	00000638	latent.features	rotation 20 features shape (14, 64), expected [F,32]	/mnt/d/data/ae_cache/1119_deepcad_aug1_11k_24/00000638_20/features.npy
required	train	00000638	latent.features	rotation 21 features shape (14, 64), expected [F,32]	/mnt/d/data/ae_cache/1119_deepcad_aug1_11k_24/00000638_21/features.npy
required	train	00000638	latent.features	rotation 22 features shape (14, 64), expected [F,32]	/mnt/d/data/ae_cache/1119_deepcad_aug1_11k_24/00000638_22/features.npy
required	train	00000638	latent.features	rotation 23 features shape (14, 64), expected [F,32]	/mnt/d/data/ae_cache/1119_deepcad_aug1_11k_24/00000638_23/features.npy
required	train	00000711	latent.features	rotation 0 features shape (26, 64), expected [F,32]	/mnt/d/data/ae_cache/1119_deepcad_aug1_11k_24/00000711_0/features.npy
required	train	00000711	latent.features	rotation 1 features shape (26, 64), expected [F,32]	/mnt/d/data/ae_cache/1119_deepcad_aug1_11k_24/00000711_1/features.npy
required	train	00000711	latent.features	rotation 2 features shape (26, 64), expected [F,32]	/mnt/d/data/ae_cache/1119_deepcad_aug1_11k_24/00000711_2/features.npy
required	train	00000711	latent.features	rotation 3 features shape (26, 64), expected [F,32]	/mnt/d/data/ae_cache/1119_deepcad_aug1_11k_24/00000711_3/features.npy
required	train	00000711	latent.features	rotation 4 features shape (26, 64), expected [F,32]	/mnt/d/data/ae_cache/1119_deepcad_aug1_11k_24/00000711_4/features.npy
required	train	00000711	latent.features	rotation 5 features shape (26, 64), expected [F,32]	/mnt/d/data/ae_cache/1119_deepcad_aug1_11k_24/00000711_5/features.npy
required	train	00000711	latent.features	rotation 6 features shape (26, 64), expected [F,32]	/mnt/d/data/ae_cache/1119_deepcad_aug1_11k_24/00000711_6/features.npy
required	train	00000711	latent.features	rotation 7 features shape (26, 64), expected [F,32]	/mnt/d/data/ae_cache/1119_deepcad_aug1_11k_24/00000711_7/features.npy
required	train	00000711	latent.features	rotation 8 features shape (26, 64), expected [F,32]	/mnt/d/data/ae_cache/1119_deepcad_aug1_11k_24/00000711_8/features.npy
required	train	00000711	latent.features	rotation 9 features shape (26, 64), expected [F,32]	/mnt/d/data/ae_cache/1119_deepcad_aug1_11k_24/00000711_9/features.npy
required	train	00000711	latent.features	rotation 10 features shape (26, 64), expected [F,32]	/mnt/d/data/ae_cache/1119_deepcad_aug1_11k_24/00000711_10/features.npy
required	train	00000711	latent.features	rotation 11 features shape (26, 64), expected [F,32]	/mnt/d/data/ae_cache/1119_deepcad_aug1_11k_24/00000711_11/features.npy
required	train	00000711	latent.features	rotation 12 features shape (26, 64), expected [F,32]	/mnt/d/data/ae_cache/1119_deepcad_aug1_11k_24/00000711_12/features.npy
required	train	00000711	latent.features	rotation 13 features shape (26, 64), expected [F,32]	/mnt/d/data/ae_cache/1119_deepcad_aug1_11k_24/00000711_13/features.npy
required	train	00000711	latent.features	rotation 14 features shape (26, 64), expected [F,32]	/mnt/d/data/ae_cache/1119_deepcad_aug1_11k_24/00000711_14/features.npy
required	train	00000711	latent.features	rotation 15 features shape (26, 64), expected [F,32]	/mnt/d/data/ae_cache/1119_deepcad_aug1_11k_24/00000711_15/features.npy
required	train	00000711	latent.features	rotation 16 features shape (26, 64), expected [F,32]	/mnt/d/data/ae_cache/1119_deepcad_aug1_11k_24/00000711_16/features.npy
required	train	00000711	latent.features	rotation 17 features shape (26, 64), expected [F,32]	/mnt/d/data/ae_cache/1119_deepcad_aug1_11k_24/00000711_17/features.npy
required	train	00000711	latent.features	rotation 18 features shape (26, 64), expected [F,32]	/mnt/d/data/ae_cache/1119_deepcad_aug1_11k_24/00000711_18/features.npy
required	train	00000711	latent.features	rotation 19 features shape (26, 64), expected [F,32]	/mnt/d/data/ae_cache/1119_deepcad_aug1_11k_24/00000711_19/features.npy
required	train	00000711	latent.features	rotation 20 features shape (26, 64), expected [F,32]	/mnt/d/data/ae_cache/1119_deepcad_aug1_11k_24/00000711_20/features.npy
required	train	00000711	latent.features	rotation 21 features shape (26, 64), expected [F,32]	/mnt/d/data/ae_cache/1119_deepcad_aug1_11k_24/00000711_21/features.npy
required	train	00000711	latent.features	rotation 22 features shape (26, 64), expected [F,32]	/mnt/d/data/ae_cache/1119_deepcad_aug1_11k_24/00000711_22/features.npy
required	train	00000711	latent.features	rotation 23 features shape (26, 64), expected [F,32]	/mnt/d/data/ae_cache/1119_deepcad_aug1_11k_24/00000711_23/features.npy
required	train	00000712	latent.features	rotation 0 features shape (18, 64), expected [F,32]	/mnt/d/data/ae_cache/1119_deepcad_aug1_11k_24/00000712_0/features.npy
required	train	00000712	latent.features	rotation 1 features shape (18, 64), expected [F,32]	/mnt/d/data/ae_cache/1119_deepcad_aug1_11k_24/00000712_1/features.npy
required	train	00000712	latent.features	rotation 2 features shape (18, 64), expected [F,32]	/mnt/d/data/ae_cache/1119_deepcad_aug1_11k_24/00000712_2/features.npy
required	train	00000712	latent.features	rotation 3 features shape (18, 64), expected [F,32]	/mnt/d/data/ae_cache/1119_deepcad_aug1_11k_24/00000712_3/features.npy
required	train	00000712	latent.features	rotation 4 features shape (18, 64), expected [F,32]	/mnt/d/data/ae_cache/1119_deepcad_aug1_11k_24/00000712_4/features.npy
required	train	00000712	latent.features	rotation 5 features shape (18, 64), expected [F,32]	/mnt/d/data/ae_cache/1119_deepcad_aug1_11k_24/00000712_5/features.npy
required	train	00000712	latent.features	rotation 6 features shape (18, 64), expected [F,32]	/mnt/d/data/ae_cache/1119_deepcad_aug1_11k_24/00000712_6/features.npy
required	train	00000712	latent.features	rotation 7 features shape (18, 64), expected [F,32]	/mnt/d/data/ae_cache/1119_deepcad_aug1_11k_24/00000712_7/features.npy
required	train	00000712	latent.features	rotation 8 features shape (18, 64), expected [F,32]	/mnt/d/data/ae_cache/1119_deepcad_aug1_11k_24/00000712_8/features.npy
required	train	00000712	latent.features	rotation 9 features shape (18, 64), expected [F,32]	/mnt/d/data/ae_cache/1119_deepcad_aug1_11k_24/00000712_9/features.npy
required	train	00000712	latent.features	rotation 10 features shape (18, 64), expected [F,32]	/mnt/d/data/ae_cache/1119_deepcad_aug1_11k_24/00000712_10/features.npy
required	train	00000712	latent.features	rotation 11 features shape (18, 64), expected [F,32]	/mnt/d/data/ae_cache/1119_deepcad_aug1_11k_24/00000712_11/features.npy
required	train	00000712	latent.features	rotation 12 features shape (18, 64), expected [F,32]	/mnt/d/data/ae_cache/1119_deepcad_aug1_11k_24/00000712_12/features.npy
required	train	00000712	latent.features	rotation 13 features shape (18, 64), expected [F,32]	/mnt/d/data/ae_cache/1119_deepcad_aug1_11k_24/00000712_13/features.npy
required	train	00000712	latent.features	rotation 14 features shape (18, 64), expected [F,32]	/mnt/d/data/ae_cache/1119_deepcad_aug1_11k_24/00000712_14/features.npy
required	train	00000712	latent.features	rotation 15 features shape (18, 64), expected [F,32]	/mnt/d/data/ae_cache/1119_deepcad_aug1_11k_24/00000712_15/features.npy
required	train	00000712	latent.features	rotation 16 features shape (18, 64), expected [F,32]	/mnt/d/data/ae_cache/1119_deepcad_aug1_11k_24/00000712_16/features.npy
required	train	00000712	latent.features	rotation 17 features shape (18, 64), expected [F,32]	/mnt/d/data/ae_cache/1119_deepcad_aug1_11k_24/00000712_17/features.npy
required	train	00000712	latent.features	rotation 18 features shape (18, 64), expected [F,32]	/mnt/d/data/ae_cache/1119_deepcad_aug1_11k_24/00000712_18/features.npy
required	train	00000712	latent.features	rotation 19 features shape (18, 64), expected [F,32]	/mnt/d/data/ae_cache/1119_deepcad_aug1_11k_24/00000712_19/features.npy
required	train	00000712	latent.features	rotation 20 features shape (18, 64), expected [F,32]	/mnt/d/data/ae_cache/1119_deepcad_aug1_11k_24/00000712_20/features.npy
required	train	00000712	latent.features	rotation 21 features shape (18, 64), expected [F,32]	/mnt/d/data/ae_cache/1119_deepcad_aug1_11k_24/00000712_21/features.npy
required	train	00000712	latent.features	rotation 22 features shape (18, 64), expected [F,32]	/mnt/d/data/ae_cache/1119_deepcad_aug1_11k_24/00000712_22/features.npy
required	train	00000712	latent.features	rotation 23 features shape (18, 64), expected [F,32]	/mnt/d/data/ae_cache/1119_deepcad_aug1_11k_24/00000712_23/features.npy
required	train	00000714	latent.features	rotation 0 features shape (18, 64), expected [F,32]	/mnt/d/data/ae_cache/1119_deepcad_aug1_11k_24/00000714_0/features.npy
required	train	00000714	latent.features	rotation 1 features shape (18, 64), expected [F,32]	/mnt/d/data/ae_cache/1119_deepcad_aug1_11k_24/00000714_1/features.npy
required	train	00000714	latent.features	rotation 2 features shape (18, 64), expected [F,32]	/mnt/d/data/ae_cache/1119_deepcad_aug1_11k_24/00000714_2/features.npy
required	train	00000714	latent.features	rotation 3 features shape (18, 64), expected [F,32]	/mnt/d/data/ae_cache/1119_deepcad_aug1_11k_24/00000714_3/features.npy
required	train	00000714	latent.features	rotation 4 features shape (18, 64), expected [F,32]	/mnt/d/data/ae_cache/1119_deepcad_aug1_11k_24/00000714_4/features.npy
required	train	00000714	latent.features	rotation 5 features shape (18, 64), expected [F,32]	/mnt/d/data/ae_cache/1119_deepcad_aug1_11k_24/00000714_5/features.npy
required	train	00000714	latent.features	rotation 6 features shape (18, 64), expected [F,32]	/mnt/d/data/ae_cache/1119_deepcad_aug1_11k_24/00000714_6/features.npy
required	train	00000714	latent.features	rotation 7 features shape (18, 64), expected [F,32]	/mnt/d/data/ae_cache/1119_deepcad_aug1_11k_24/00000714_7/features.npy
required	train	00000714	latent.features	rotation 8 features shape (18, 64), expected [F,32]	/mnt/d/data/ae_cache/1119_deepcad_aug1_11k_24/00000714_8/features.npy
required	train	00000714	latent.features	rotation 9 features shape (18, 64), expected [F,32]	/mnt/d/data/ae_cache/1119_deepcad_aug1_11k_24/00000714_9/features.npy
required	train	00000714	latent.features	rotation 10 features shape (18, 64), expected [F,32]	/mnt/d/data/ae_cache/1119_deepcad_aug1_11k_24/00000714_10/features.npy
required	train	00000714	latent.features	rotation 11 features shape (18, 64), expected [F,32]	/mnt/d/data/ae_cache/1119_deepcad_aug1_11k_24/00000714_11/features.npy
required	train	00000714	latent.features	rotation 12 features shape (18, 64), expected [F,32]	/mnt/d/data/ae_cache/1119_deepcad_aug1_11k_24/00000714_12/features.npy
required	train	00000714	latent.features	rotation 13 features shape (18, 64), expected [F,32]	/mnt/d/data/ae_cache/1119_deepcad_aug1_11k_24/00000714_13/features.npy
required	train	00000714	latent.features	rotation 14 features shape (18, 64), expected [F,32]	/mnt/d/data/ae_cache/1119_deepcad_aug1_11k_24/00000714_14/features.npy
required	train	00000714	latent.features	rotation 15 features shape (18, 64), expected [F,32]	/mnt/d/data/ae_cache/1119_deepcad_aug1_11k_24/00000714_15/features.npy
required	train	00000714	latent.features	rotation 16 features shape (18, 64), expected [F,32]	/mnt/d/data/ae_cache/1119_deepcad_aug1_11k_24/00000714_16/features.npy
required	train	00000714	latent.features	rotation 17 features shape (18, 64), expected [F,32]	/mnt/d/data/ae_cache/1119_deepcad_aug1_11k_24/00000714_17/features.npy
required	train	00000714	latent.features	rotation 18 features shape (18, 64), expected [F,32]	/mnt/d/data/ae_cache/1119_deepcad_aug1_11k_24/00000714_18/features.npy
required	train	00000714	latent.features	rotation 19 features shape (18, 64), expected [F,32]	/mnt/d/data/ae_cache/1119_deepcad_aug1_11k_24/00000714_19/features.npy
required	train	00000714	latent.features	rotation 20 features shape (18, 64), expected [F,32]	/mnt/d/data/ae_cache/1119_deepcad_aug1_11k_24/00000714_20/features.npy
required	train	00000714	latent.features	rotation 21 features shape (18, 64), expected [F,32]	/mnt/d/data/ae_cache/1119_deepcad_aug1_11k_24/00000714_21/features.npy
required	train	00000714	latent.features	rotation 22 features shape (18, 64), expected [F,32]	/mnt/d/data/ae_cache/1119_deepcad_aug1_11k_24/00000714_22/features.npy
required	train	00000714	latent.features	rotation 23 features shape (18, 64), expected [F,32]	/mnt/d/data/ae_cache/1119_deepcad_aug1_11k_24/00000714_23/features.npy
required	train	00000802	latent.features	rotation 0 features shape (19, 64), expected [F,32]	/mnt/d/data/ae_cache/1119_deepcad_aug1_11k_24/00000802_0/features.npy
required	train	00000802	latent.features	rotation 1 features shape (19, 64), expected [F,32]	/mnt/d/data/ae_cache/1119_deepcad_aug1_11k_24/00000802_1/features.npy
required	train	00000802	latent.features	rotation 2 features shape (19, 64), expected [F,32]	/mnt/d/data/ae_cache/1119_deepcad_aug1_11k_24/00000802_2/features.npy
required	train	00000802	latent.features	rotation 3 features shape (19, 64), expected [F,32]	/mnt/d/data/ae_cache/1119_deepcad_aug1_11k_24/00000802_3/features.npy
required	train	00000802	latent.features	rotation 4 features shape (19, 64), expected [F,32]	/mnt/d/data/ae_cache/1119_deepcad_aug1_11k_24/00000802_4/features.npy
required	train	00000802	latent.features	rotation 5 features shape (19, 64), expected [F,32]	/mnt/d/data/ae_cache/1119_deepcad_aug1_11k_24/00000802_5/features.npy
required	train	00000802	latent.features	rotation 6 features shape (19, 64), expected [F,32]	/mnt/d/data/ae_cache/1119_deepcad_aug1_11k_24/00000802_6/features.npy
required	train	00000802	latent.features	rotation 7 features shape (19, 64), expected [F,32]	/mnt/d/data/ae_cache/1119_deepcad_aug1_11k_24/00000802_7/features.npy
required	train	00000802	latent.features	rotation 8 features shape (19, 64), expected [F,32]	/mnt/d/data/ae_cache/1119_deepcad_aug1_11k_24/00000802_8/features.npy
required	train	00000802	latent.features	rotation 9 features shape (19, 64), expected [F,32]	/mnt/d/data/ae_cache/1119_deepcad_aug1_11k_24/00000802_9/features.npy
required	train	00000802	latent.features	rotation 10 features shape (19, 64), expected [F,32]	/mnt/d/data/ae_cache/1119_deepcad_aug1_11k_24/00000802_10/features.npy
required	train	00000802	latent.features	rotation 11 features shape (19, 64), expected [F,32]	/mnt/d/data/ae_cache/1119_deepcad_aug1_11k_24/00000802_11/features.npy
required	train	00000802	latent.features	rotation 12 features shape (19, 64), expected [F,32]	/mnt/d/data/ae_cache/1119_deepcad_aug1_11k_24/00000802_12/features.npy
required	train	00000802	latent.features	rotation 13 features shape (19, 64), expected [F,32]	/mnt/d/data/ae_cache/1119_deepcad_aug1_11k_24/00000802_13/features.npy
required	train	00000802	latent.features	rotation 14 features shape (19, 64), expected [F,32]	/mnt/d/data/ae_cache/1119_deepcad_aug1_11k_24/00000802_14/features.npy
required	train	00000802	latent.features	rotation 15 features shape (19, 64), expected [F,32]	/mnt/d/data/ae_cache/1119_deepcad_aug1_11k_24/00000802_15/features.npy
required	train	00000802	latent.features	rotation 16 features shape (19, 64), expected [F,32]	/mnt/d/data/ae_cache/1119_deepcad_aug1_11k_24/00000802_16/features.npy
required	train	00000802	latent.features	rotation 17 features shape (19, 64), expected [F,32]	/mnt/d/data/ae_cache/1119_deepcad_aug1_11k_24/00000802_17/features.npy
required	train	00000802	latent.features	rotation 18 features shape (19, 64), expected [F,32]	/mnt/d/data/ae_cache/1119_deepcad_aug1_11k_24/00000802_18/features.npy
required	train	00000802	latent.features	rotation 19 features shape (19, 64), expected [F,32]	/mnt/d/data/ae_cache/1119_deepcad_aug1_11k_24/00000802_19/features.npy
required	train	00000802	latent.features	rotation 20 features shape (19, 64), expected [F,32]	/mnt/d/data/ae_cache/1119_deepcad_aug1_11k_24/00000802_20/features.npy
required	train	00000802	latent.features	rotation 21 features shape (19, 64), expected [F,32]	/mnt/d/data/ae_cache/1119_deepcad_aug1_11k_24/00000802_21/features.npy
required	train	00000802	latent.features	rotation 22 features shape (19, 64), expected [F,32]	/mnt/d/data/ae_cache/1119_deepcad_aug1_11k_24/00000802_22/features.npy
required	train	00000802	latent.features	rotation 23 features shape (19, 64), expected [F,32]	/mnt/d/data/ae_cache/1119_deepcad_aug1_11k_24/00000802_23/features.npy
required	train	00000842	latent.features	rotation 0 features shape (8, 64), expected [F,32]	/mnt/d/data/ae_cache/1119_deepcad_aug1_11k_24/00000842_0/features.npy
required	train	00000842	latent.features	rotation 1 features shape (8, 64), expected [F,32]	/mnt/d/data/ae_cache/1119_deepcad_aug1_11k_24/00000842_1/features.npy
required	train	00000842	latent.features	rotation 2 features shape (8, 64), expected [F,32]	/mnt/d/data/ae_cache/1119_deepcad_aug1_11k_24/00000842_2/features.npy
required	train	00000842	latent.features	rotation 3 features shape (8, 64), expected [F,32]	/mnt/d/data/ae_cache/1119_deepcad_aug1_11k_24/00000842_3/features.npy
required	train	00000842	latent.features	rotation 4 features shape (8, 64), expected [F,32]	/mnt/d/data/ae_cache/1119_deepcad_aug1_11k_24/00000842_4/features.npy
required	train	00000842	latent.features	rotation 5 features shape (8, 64), expected [F,32]	/mnt/d/data/ae_cache/1119_deepcad_aug1_11k_24/00000842_5/features.npy
required	train	00000842	latent.features	rotation 6 features shape (8, 64), expected [F,32]	/mnt/d/data/ae_cache/1119_deepcad_aug1_11k_24/00000842_6/features.npy
required	train	00000842	latent.features	rotation 7 features shape (8, 64), expected [F,32]	/mnt/d/data/ae_cache/1119_deepcad_aug1_11k_24/00000842_7/features.npy
required	train	00000842	latent.features	rotation 8 features shape (8, 64), expected [F,32]	/mnt/d/data/ae_cache/1119_deepcad_aug1_11k_24/00000842_8/features.npy
required	train	00000842	latent.features	rotation 9 features shape (8, 64), expected [F,32]	/mnt/d/data/ae_cache/1119_deepcad_aug1_11k_24/00000842_9/features.npy
required	train	00000842	latent.features	rotation 10 features shape (8, 64), expected [F,32]	/mnt/d/data/ae_cache/1119_deepcad_aug1_11k_24/00000842_10/features.npy
required	train	00000842	latent.features	rotation 11 features shape (8, 64), expected [F,32]	/mnt/d/data/ae_cache/1119_deepcad_aug1_11k_24/00000842_11/features.npy
required	train	00000842	latent.features	rotation 12 features shape (8, 64), expected [F,32]	/mnt/d/data/ae_cache/1119_deepcad_aug1_11k_24/00000842_12/features.npy
required	train	00000842	latent.features	rotation 13 features shape (8, 64), expected [F,32]	/mnt/d/data/ae_cache/1119_deepcad_aug1_11k_24/00000842_13/features.npy
required	train	00000842	latent.features	rotation 14 features shape (8, 64), expected [F,32]	/mnt/d/data/ae_cache/1119_deepcad_aug1_11k_24/00000842_14/features.npy
required	train	00000842	latent.features	rotation 15 features shape (8, 64), expected [F,32]	/mnt/d/data/ae_cache/1119_deepcad_aug1_11k_24/00000842_15/features.npy
required	train	00000842	latent.features	rotation 16 features shape (8, 64), expected [F,32]	/mnt/d/data/ae_cache/1119_deepcad_aug1_11k_24/00000842_16/features.npy
required	train	00000842	latent.features	rotation 17 features shape (8, 64), expected [F,32]	/mnt/d/data/ae_cache/1119_deepcad_aug1_11k_24/00000842_17/features.npy
required	train	00000842	latent.features	rotation 18 features shape (8, 64), expected [F,32]	/mnt/d/data/ae_cache/1119_deepcad_aug1_11k_24/00000842_18/features.npy
required	train	00000842	latent.features	rotation 19 features shape (8, 64), expected [F,32]	/mnt/d/data/ae_cache/1119_deepcad_aug1_11k_24/00000842_19/features.npy
required	train	00000842	latent.features	rotation 20 features shape (8, 64), expected [F,32]	/mnt/d/data/ae_cache/1119_deepcad_aug1_11k_24/00000842_20/features.npy
required	train	00000842	latent.features	rotation 21 features shape (8, 64), expected [F,32]	/mnt/d/data/ae_cache/1119_deepcad_aug1_11k_24/00000842_21/features.npy
required	train	00000842	latent.features	rotation 22 features shape (8, 64), expected [F,32]	/mnt/d/data/ae_cache/1119_deepcad_aug1_11k_24/00000842_22/features.npy
required	train	00000842	latent.features	rotation 23 features shape (8, 64), expected [F,32]	/mnt/d/data/ae_cache/1119_deepcad_aug1_11k_24/00000842_23/features.npy
required	train	00000843	latent.features	rotation 0 features shape (7, 64), expected [F,32]	/mnt/d/data/ae_cache/1119_deepcad_aug1_11k_24/00000843_0/features.npy
required	train	00000843	latent.features	rotation 1 features shape (7, 64), expected [F,32]	/mnt/d/data/ae_cache/1119_deepcad_aug1_11k_24/00000843_1/features.npy
required	train	00000843	latent.features	rotation 2 features shape (7, 64), expected [F,32]	/mnt/d/data/ae_cache/1119_deepcad_aug1_11k_24/00000843_2/features.npy
required	train	00000843	latent.features	rotation 3 features shape (7, 64), expected [F,32]	/mnt/d/data/ae_cache/1119_deepcad_aug1_11k_24/00000843_3/features.npy
required	train	00000843	latent.features	rotation 4 features shape (7, 64), expected [F,32]	/mnt/d/data/ae_cache/1119_deepcad_aug1_11k_24/00000843_4/features.npy
required	train	00000843	latent.features	rotation 5 features shape (7, 64), expected [F,32]	/mnt/d/data/ae_cache/1119_deepcad_aug1_11k_24/00000843_5/features.npy
required	train	00000843	latent.features	rotation 6 features shape (7, 64), expected [F,32]	/mnt/d/data/ae_cache/1119_deepcad_aug1_11k_24/00000843_6/features.npy
required	train	00000843	latent.features	rotation 7 features shape (7, 64), expected [F,32]	/mnt/d/data/ae_cache/1119_deepcad_aug1_11k_24/00000843_7/features.npy
required	train	00000843	latent.features	rotation 8 features shape (7, 64), expected [F,32]	/mnt/d/data/ae_cache/1119_deepcad_aug1_11k_24/00000843_8/features.npy
required	train	00000843	latent.features	rotation 9 features shape (7, 64), expected [F,32]	/mnt/d/data/ae_cache/1119_deepcad_aug1_11k_24/00000843_9/features.npy
required	train	00000843	latent.features	rotation 10 features shape (7, 64), expected [F,32]	/mnt/d/data/ae_cache/1119_deepcad_aug1_11k_24/00000843_10/features.npy
required	train	00000843	latent.features	rotation 11 features shape (7, 64), expected [F,32]	/mnt/d/data/ae_cache/1119_deepcad_aug1_11k_24/00000843_11/features.npy
required	train	00000843	latent.features	rotation 12 features shape (7, 64), expected [F,32]	/mnt/d/data/ae_cache/1119_deepcad_aug1_11k_24/00000843_12/features.npy
required	train	00000843	latent.features	rotation 13 features shape (7, 64), expected [F,32]	/mnt/d/data/ae_cache/1119_deepcad_aug1_11k_24/00000843_13/features.npy
required	train	00000843	latent.features	rotation 14 features shape (7, 64), expected [F,32]	/mnt/d/data/ae_cache/1119_deepcad_aug1_11k_24/00000843_14/features.npy
required	train	00000843	latent.features	rotation 15 features shape (7, 64), expected [F,32]	/mnt/d/data/ae_cache/1119_deepcad_aug1_11k_24/00000843_15/features.npy
required	train	00000843	latent.features	rotation 16 features shape (7, 64), expected [F,32]	/mnt/d/data/ae_cache/1119_deepcad_aug1_11k_24/00000843_16/features.npy
required	train	00000843	latent.features	rotation 17 features shape (7, 64), expected [F,32]	/mnt/d/data/ae_cache/1119_deepcad_aug1_11k_24/00000843_17/features.npy
required	train	00000843	latent.features	rotation 18 features shape (7, 64), expected [F,32]	/mnt/d/data/ae_cache/1119_deepcad_aug1_11k_24/00000843_18/features.npy
required	train	00000843	latent.features	rotation 19 features shape (7, 64), expected [F,32]	/mnt/d/data/ae_cache/1119_deepcad_aug1_11k_24/00000843_19/features.npy
required	train	00000843	latent.features	rotation 20 features shape (7, 64), expected [F,32]	/mnt/d/data/ae_cache/1119_deepcad_aug1_11k_24/00000843_20/features.npy
required	train	00000843	latent.features	rotation 21 features shape (7, 64), expected [F,32]	/mnt/d/data/ae_cache/1119_deepcad_aug1_11k_24/00000843_21/features.npy
required	train	00000843	latent.features	rotation 22 features shape (7, 64), expected [F,32]	/mnt/d/data/ae_cache/1119_deepcad_aug1_11k_24/00000843_22/features.npy
required	train	00000843	latent.features	rotation 23 features shape (7, 64), expected [F,32]	/mnt/d/data/ae_cache/1119_deepcad_aug1_11k_24/00000843_23/features.npy
required	train	00000849	latent.features	rotation 0 features shape (10, 64), expected [F,32]	/mnt/d/data/ae_cache/1119_deepcad_aug1_11k_24/00000849_0/features.npy
required	train	00000849	latent.features	rotation 1 features shape (10, 64), expected [F,32]	/mnt/d/data/ae_cache/1119_deepcad_aug1_11k_24/00000849_1/features.npy
required	train	00000849	latent.features	rotation 2 features shape (10, 64), expected [F,32]	/mnt/d/data/ae_cache/1119_deepcad_aug1_11k_24/00000849_2/features.npy
required	train	00000849	latent.features	rotation 3 features shape (10, 64), expected [F,32]	/mnt/d/data/ae_cache/1119_deepcad_aug1_11k_24/00000849_3/features.npy
required	train	00000849	latent.features	rotation 4 features shape (10, 64), expected [F,32]	/mnt/d/data/ae_cache/1119_deepcad_aug1_11k_24/00000849_4/features.npy
required	train	00000849	latent.features	rotation 5 features shape (10, 64), expected [F,32]	/mnt/d/data/ae_cache/1119_deepcad_aug1_11k_24/00000849_5/features.npy
required	train	00000849	latent.features	rotation 6 features shape (10, 64), expected [F,32]	/mnt/d/data/ae_cache/1119_deepcad_aug1_11k_24/00000849_6/features.npy
required	train	00000849	latent.features	rotation 7 features shape (10, 64), expected [F,32]	/mnt/d/data/ae_cache/1119_deepcad_aug1_11k_24/00000849_7/features.npy
required	train	00000849	latent.features	rotation 8 features shape (10, 64), expected [F,32]	/mnt/d/data/ae_cache/1119_deepcad_aug1_11k_24/00000849_8/features.npy
required	train	00000849	latent.features	rotation 9 features shape (10, 64), expected [F,32]	/mnt/d/data/ae_cache/1119_deepcad_aug1_11k_24/00000849_9/features.npy
required	train	00000849	latent.features	rotation 10 features shape (10, 64), expected [F,32]	/mnt/d/data/ae_cache/1119_deepcad_aug1_11k_24/00000849_10/features.npy
required	train	00000849	latent.features	rotation 11 features shape (10, 64), expected [F,32]	/mnt/d/data/ae_cache/1119_deepcad_aug1_11k_24/00000849_11/features.npy
required	train	00000849	latent.features	rotation 12 features shape (10, 64), expected [F,32]	/mnt/d/data/ae_cache/1119_deepcad_aug1_11k_24/00000849_12/features.npy
required	train	00000849	latent.features	rotation 13 features shape (10, 64), expected [F,32]	/mnt/d/data/ae_cache/1119_deepcad_aug1_11k_24/00000849_13/features.npy
required	train	00000849	latent.features	rotation 14 features shape (10, 64), expected [F,32]	/mnt/d/data/ae_cache/1119_deepcad_aug1_11k_24/00000849_14/features.npy
required	train	00000849	latent.features	rotation 15 features shape (10, 64), expected [F,32]	/mnt/d/data/ae_cache/1119_deepcad_aug1_11k_24/00000849_15/features.npy
required	train	00000849	latent.features	rotation 16 features shape (10, 64), expected [F,32]	/mnt/d/data/ae_cache/1119_deepcad_aug1_11k_24/00000849_16/features.npy
required	train	00000849	latent.features	rotation 17 features shape (10, 64), expected [F,32]	/mnt/d/data/ae_cache/1119_deepcad_aug1_11k_24/00000849_17/features.npy
required	train	00000849	latent.features	rotation 18 features shape (10, 64), expected [F,32]	/mnt/d/data/ae_cache/1119_deepcad_aug1_11k_24/00000849_18/features.npy
required	train	00000849	latent.features	rotation 19 features shape (10, 64), expected [F,32]	/mnt/d/data/ae_cache/1119_deepcad_aug1_11k_24/00000849_19/features.npy
required	train	00000849	latent.features	rotation 20 features shape (10, 64), expected [F,32]	/mnt/d/data/ae_cache/1119_deepcad_aug1_11k_24/00000849_20/features.npy
required	train	00000849	latent.features	rotation 21 features shape (10, 64), expected [F,32]	/mnt/d/data/ae_cache/1119_deepcad_aug1_11k_24/00000849_21/features.npy
required	train	00000849	latent.features	rotation 22 features shape (10, 64), expected [F,32]	/mnt/d/data/ae_cache/1119_deepcad_aug1_11k_24/00000849_22/features.npy
required	train	00000849	latent.features	rotation 23 features shape (10, 64), expected [F,32]	/mnt/d/data/ae_cache/1119_deepcad_aug1_11k_24/00000849_23/features.npy
required	train	00000954	latent.features	rotation 0 features shape (16, 64), expected [F,32]	/mnt/d/data/ae_cache/1119_deepcad_aug1_11k_24/00000954_0/features.npy
required	train	00000954	latent.features	rotation 1 features shape (16, 64), expected [F,32]	/mnt/d/data/ae_cache/1119_deepcad_aug1_11k_24/00000954_1/features.npy
required	train	00000954	latent.features	rotation 2 features shape (16, 64), expected [F,32]	/mnt/d/data/ae_cache/1119_deepcad_aug1_11k_24/00000954_2/features.npy
required	train	00000954	latent.features	rotation 3 features shape (16, 64), expected [F,32]	/mnt/d/data/ae_cache/1119_deepcad_aug1_11k_24/00000954_3/features.npy
required	train	00000954	latent.features	rotation 4 features shape (16, 64), expected [F,32]	/mnt/d/data/ae_cache/1119_deepcad_aug1_11k_24/00000954_4/features.npy
required	train	00000954	latent.features	rotation 5 features shape (16, 64), expected [F,32]	/mnt/d/data/ae_cache/1119_deepcad_aug1_11k_24/00000954_5/features.npy
required	train	00000954	latent.features	rotation 6 features shape (16, 64), expected [F,32]	/mnt/d/data/ae_cache/1119_deepcad_aug1_11k_24/00000954_6/features.npy
required	train	00000954	latent.features	rotation 7 features shape (16, 64), expected [F,32]	/mnt/d/data/ae_cache/1119_deepcad_aug1_11k_24/00000954_7/features.npy
required	train	00000954	latent.features	rotation 8 features shape (16, 64), expected [F,32]	/mnt/d/data/ae_cache/1119_deepcad_aug1_11k_24/00000954_8/features.npy
required	train	00000954	latent.features	rotation 9 features shape (16, 64), expected [F,32]	/mnt/d/data/ae_cache/1119_deepcad_aug1_11k_24/00000954_9/features.npy
required	train	00000954	latent.features	rotation 10 features shape (16, 64), expected [F,32]	/mnt/d/data/ae_cache/1119_deepcad_aug1_11k_24/00000954_10/features.npy
required	train	00000954	latent.features	rotation 11 features shape (16, 64), expected [F,32]	/mnt/d/data/ae_cache/1119_deepcad_aug1_11k_24/00000954_11/features.npy
required	train	00000954	latent.features	rotation 12 features shape (16, 64), expected [F,32]	/mnt/d/data/ae_cache/1119_deepcad_aug1_11k_24/00000954_12/features.npy
required	train	00000954	latent.features	rotation 13 features shape (16, 64), expected [F,32]	/mnt/d/data/ae_cache/1119_deepcad_aug1_11k_24/00000954_13/features.npy
required	train	00000954	latent.features	rotation 14 features shape (16, 64), expected [F,32]	/mnt/d/data/ae_cache/1119_deepcad_aug1_11k_24/00000954_14/features.npy
required	train	00000954	latent.features	rotation 15 features shape (16, 64), expected [F,32]	/mnt/d/data/ae_cache/1119_deepcad_aug1_11k_24/00000954_15/features.npy
required	train	00000954	latent.features	rotation 16 features shape (16, 64), expected [F,32]	/mnt/d/data/ae_cache/1119_deepcad_aug1_11k_24/00000954_16/features.npy
required	train	00000954	latent.features	rotation 17 features shape (16, 64), expected [F,32]	/mnt/d/data/ae_cache/1119_deepcad_aug1_11k_24/00000954_17/features.npy
required	train	00000954	latent.features	rotation 18 features shape (16, 64), expected [F,32]	/mnt/d/data/ae_cache/1119_deepcad_aug1_11k_24/00000954_18/features.npy
required	train	00000954	latent.features	rotation 19 features shape (16, 64), expected [F,32]	/mnt/d/data/ae_cache/1119_deepcad_aug1_11k_24/00000954_19/features.npy
required	train	00000954	latent.features	rotation 20 features shape (16, 64), expected [F,32]	/mnt/d/data/ae_cache/1119_deepcad_aug1_11k_24/00000954_20/features.npy
required	train	00000954	latent.features	rotation 21 features shape (16, 64), expected [F,32]	/mnt/d/data/ae_cache/1119_deepcad_aug1_11k_24/00000954_21/features.npy
required	train	00000954	latent.features	rotation 22 features shape (16, 64), expected [F,32]	/mnt/d/data/ae_cache/1119_deepcad_aug1_11k_24/00000954_22/features.npy
required	train	00000954	latent.features	rotation 23 features shape (16, 64), expected [F,32]	/mnt/d/data/ae_cache/1119_deepcad_aug1_11k_24/00000954_23/features.npy
